financial_year,stop_id,stop_name,stop_lat,stop_long,pax_annual,pax_weekday,pax_norm_weekday,pax_sch_hol_weekday,pax_saturday,pax_sunday,pax_pre_am_peak,pax_am_peak,pax_interpeak,pax_pm_peak,pax_pm_late
2018-2019,19827,Stony Point,-38.37423454,145.2218375,5400,50,50,50,50,50,50,50,50,50,50
2018-2019,19828,Crib Point,-38.36612338,145.2040433,17900,50,50,50,150,100,50,50,50,50,50
2018-2019,19829,Morradoo,-38.35403334,145.1896025,5650,50,50,50,50,50,50,50,50,50,50
2018-2019,19830,Bittern,-38.33739032,145.1780265,14800,50,50,50,50,50,50,50,50,50,50
2018-2019,19831,Hastings,-38.30565853,145.1859799,21900,50,50,50,50,50,50,50,50,50,50
2018-2019,19832,Tyabb,-38.259815,145.1864007,5600,50,50,50,50,50,50,50,50,50,50
2018-2019,19833,Somerville,-38.22534196,145.1762449,13150,50,50,50,50,50,50,50,50,50,50
2018-2019,19834,Baxter,-38.19404306,145.1605261,3400,50,50,50,50,50,50,50,50,50,50
2018-2019,19835,Glen Iris,-37.85930842,145.0582249,330100,1150,1250,900,450,300,50,600,200,350,50
2018-2019,19836,Leawarra,-38.152034,145.139534,10250,50,50,50,50,50,50,50,50,50,50
2018-2019,19837,Darling,-37.86895684,145.0629508,361300,1200,1250,1150,550,550,50,750,200,150,50
2018-2019,19838,East Malvern,-37.87693002,145.069393,481150,1700,1600,2050,600,400,100,1050,250,150,50
2018-2019,19839,Holmesglen,-37.87440222,145.090662,531300,1800,1800,1700,850,600,100,750,450,400,100
2018-2019,19840,Jordanville,-37.87360339,145.1120902,498850,1700,1750,1650,700,550,150,1000,300,200,50
2018-2019,19844,Belgrave,-37.9091021,145.3552913,389750,1250,1250,1200,800,600,250,450,250,300,50
2018-2019,19845,Tecoma,-37.90811849,145.3429946,75650,250,250,250,100,100,50,150,50,50,50
2018-2019,19846,Upwey,-37.90369097,145.3313334,157050,550,550,450,250,150,50,300,100,100,50
2018-2019,19847,Alamein,-37.86832039,145.0796557,145700,500,500,450,200,150,50,350,100,50,50
2018-2019,19848,Ashburton,-37.86196753,145.0813438,299050,1050,1100,900,400,300,100,700,150,100,50
2018-2019,19849,Burwood,-37.85156328,145.0805111,357550,1300,1350,1100,400,300,100,850,200,200,50
2018-2019,19850,Hartwell,-37.84398457,145.0755596,214350,750,800,650,250,150,50,500,100,150,50
2018-2019,19851,Willison,-37.83571565,145.0702976,102600,350,400,300,100,100,50,250,50,50,50
2018-2019,19852,Riversdale,-37.83150543,145.069646,214700,800,900,500,150,100,50,450,100,250,50
2018-2019,19853,Camberwell,-37.82656714,145.0586972,1969600,6250,6450,5550,3800,3550,200,2050,1200,2550,400
2018-2019,19855,Frankston,-38.14299007,145.1261623,1296500,4000,4150,3600,2900,2250,750,1300,1050,900,150
2018-2019,19856,Kananook,-38.12174203,145.1352953,295900,1000,1050,800,450,300,250,450,200,150,50
2018-2019,19857,Seaford,-38.10402104,145.1282304,374150,1250,1300,1000,650,450,400,550,200,150,50
2018-2019,19858,Carrum,-38.07489292,145.1224183,430400,1400,1450,1100,900,650,250,700,300,200,50
2018-2019,19859,Bonbeach,-38.06294478,145.1196804,205250,700,700,550,350,250,100,400,150,50,50
2018-2019,19860,Chelsea,-38.05195538,145.1160413,488600,1600,1650,1300,950,700,250,800,350,200,50
2018-2019,19861,Edithvale,-38.03805602,145.1085355,303950,1000,1050,850,550,400,150,550,200,100,50
2018-2019,19862,Aspendale,-38.02722019,145.1021496,237900,800,850,600,400,300,100,450,150,100,50
2018-2019,19863,Mordialloc,-38.00658295,145.0876594,755550,2450,2550,1950,1550,1100,300,1150,500,550,100
2018-2019,19864,Parkdale,-37.99307882,145.0763268,429250,1450,1550,1050,800,550,150,750,300,300,50
2018-2019,19865,Mentone,-37.9818654,145.0651659,892150,3050,3300,2050,1400,1000,250,1300,600,1000,100
2018-2019,19866,Cheltenham,-37.96664989,145.0545579,823400,2800,2950,2050,1350,1000,300,1500,500,600,100
2018-2019,19867,Upper Ferntree Gully,-37.8926717,145.3075302,264650,900,900,800,450,350,200,450,150,100,50
2018-2019,19868,Ferntree Gully,-37.88169799,145.2952513,491150,1700,1750,1550,650,450,350,1000,250,150,50
2018-2019,19869,Boronia,-37.8604518,145.2843851,677500,2300,2400,2000,1050,700,400,1250,450,250,50
2018-2019,19870,Bayswater,-37.84173004,145.2681364,538050,1850,1900,1650,800,550,300,950,300,300,50
2018-2019,19871,Heathmont,-37.82832227,145.2445554,273900,950,1000,800,350,250,100,600,150,150,50
2018-2019,19872,Highett,-37.948425,145.0418718,508400,1650,1750,1200,1000,750,150,850,350,300,100
2018-2019,19873,Glen Waverley,-37.87950407,145.1620575,1693350,5650,5700,5500,2800,2150,550,2800,1150,950,250
2018-2019,19874,Syndal,-37.87622963,145.1497805,898900,3150,3200,3050,1150,850,550,1700,450,450,100
2018-2019,19875,Mount Waverley,-37.87525526,145.1280557,820100,2800,2900,2550,1200,900,250,1450,500,550,50
2018-2019,19876,Lilydale,-37.75551777,145.3477102,701900,2300,2400,2050,1300,950,400,1000,500,400,50
2018-2019,19877,Mooroolbark,-37.78474883,145.3124024,722150,2500,2600,2100,1100,750,500,1350,400,250,50
2018-2019,19878,Croydon,-37.79543697,145.2805978,916300,3150,3250,2750,1400,900,600,1600,600,450,50
2018-2019,19879,Ringwood East,-37.81196804,145.2501909,460250,1650,1700,1350,500,350,250,1000,250,200,50
2018-2019,19880,Pakenham,-38.08061397,145.4863791,489250,1600,1750,1200,850,600,400,600,350,250,50
2018-2019,19881,Officer,-38.06614572,145.4109872,122900,450,500,250,100,50,100,250,50,100,50
2018-2019,19882,Beaconsfield,-38.05083135,145.3660737,273350,1000,1100,600,200,150,300,500,100,200,50
2018-2019,19883,Berwick,-38.04040829,145.3457261,864800,3150,3400,2100,900,600,800,1350,600,600,100
2018-2019,19884,Narre Warren,-38.02780932,145.3039694,658700,2300,2450,1750,900,600,500,1100,450,300,100
2018-2019,19885,Hallam,-38.01774038,145.2697768,522450,1850,2000,1350,600,400,450,850,350,300,50
2018-2019,19886,Cranbourne,-38.09953731,145.280599,817750,2800,3000,2100,1150,800,800,1300,550,250,50
2018-2019,19887,Merinda Park,-38.07900048,145.2635114,306950,1100,1200,750,300,250,250,650,150,50,50
2018-2019,19888,Dandenong,-37.98996792,145.2097254,2165200,7200,7350,6500,3800,2750,550,1950,1850,2500,450
2018-2019,19889,Yarraman,-37.97825454,145.1916003,302050,1050,1100,900,450,300,150,500,250,150,50
2018-2019,19890,Noble Park,-37.96723193,145.1769357,929900,3150,3300,2450,1500,1100,400,1300,800,700,150
2018-2019,19891,Sandown Park,-37.95650457,145.1628259,537400,1900,2000,1500,600,450,250,1250,350,150,50
2018-2019,19892,East Camberwell,-37.82589419,145.0681902,260350,950,1050,550,300,200,50,400,200,400,50
2018-2019,19893,Canterbury,-37.82448518,145.0812242,374650,1300,1350,1050,550,400,100,650,250,350,50
2018-2019,19894,Chatham,-37.82429952,145.0886479,246350,850,900,700,350,250,50,500,150,150,50
2018-2019,19895,Surrey Hills,-37.82414805,145.0987747,725200,2500,2600,2150,1050,750,250,1550,350,400,50
2018-2019,19896,Mont Albert,-37.81942655,145.1055304,260850,900,900,750,450,300,50,550,200,100,50
2018-2019,19897,Laburnum,-37.82078023,145.1407027,414700,1400,1500,1050,600,450,100,750,250,350,50
2018-2019,19898,Blackburn,-37.82007075,145.1500135,1484400,5050,5250,4350,2200,1700,400,2700,950,1000,150
2018-2019,19899,Nunawading,-37.82060317,145.1748917,1148000,3900,4000,3400,1750,1450,350,2050,750,700,150
2018-2019,19900,Mitcham,-37.81800987,145.1919735,1241550,4300,4450,3700,1700,1250,550,2400,650,700,100
2018-2019,19901,Heatherdale,-37.81889537,145.2127872,605900,2150,2250,1850,650,500,350,1350,300,250,50
2018-2019,19902,Ringwood,-37.81588648,145.2289685,1871350,5800,5900,5300,4200,3400,450,2000,1400,1600,400
2018-2019,19903,Auburn,-37.82239831,145.0458437,744050,2500,2600,2100,1250,900,100,1200,550,650,100
2018-2019,19904,Glenferrie,-37.82146682,145.0364388,2729100,9800,10450,7350,2950,2200,200,1750,2600,4850,1000
2018-2019,19905,Hawthorn,-37.82182601,145.0228987,709100,2500,2600,2050,950,700,100,1050,450,900,100
2018-2019,19906,Burnley,-37.82756022,145.0075551,865300,2650,2700,2550,2100,1400,100,1100,450,900,150
2018-2019,19907,East Richmond,-37.82639995,144.9970657,666900,2500,2600,2200,500,300,50,400,300,1650,200
2018-2019,19909,Heyington,-37.83467244,145.0226353,218650,800,900,350,200,150,50,250,150,500,50
2018-2019,19910,Kooyong,-37.83992894,145.0335516,344750,1250,1250,1150,400,300,50,400,300,450,50
2018-2019,19911,Tooronga,-37.84936553,145.0417337,580300,2050,2100,1850,650,500,100,850,350,750,100
2018-2019,19912,Gardiner,-37.85327908,145.0516547,491000,1650,1650,1550,800,600,100,900,300,350,50
2018-2019,19913,Springvale,-37.94950878,145.1534518,1509450,4800,5000,4000,3150,2450,400,1600,1400,1250,300
2018-2019,19914,Westall,-37.93849121,145.1388326,894250,2800,2900,2400,1750,1700,300,1200,650,650,100
2018-2019,19915,Clayton,-37.92468255,145.1205344,1612700,5250,5650,3750,3100,2400,350,1700,1550,1550,450
2018-2019,19916,Huntingdale,-37.91101734,145.1023643,1592900,5800,6350,3550,1500,1050,350,1800,1350,2400,450
2018-2019,19917,Oakleigh,-37.90037214,145.0883079,1733100,5750,6200,4050,3100,2250,400,2100,1400,1850,400
2018-2019,19919,Murrumbeena,-37.89019832,145.0673749,779450,2650,2900,1850,1200,850,250,1600,600,350,100
2018-2019,19920,Carnegie,-37.88624148,145.0585751,991250,3300,3550,2200,1800,1350,200,1700,850,550,300
2018-2019,19921,Werribee,-37.89937805,144.661118,1211200,4150,4250,3800,1750,1200,800,2000,850,550,100
2018-2019,19922,Hoppers Crossing,-37.88327618,144.7009549,1246950,4400,4550,3750,1600,1100,750,2150,850,700,100
2018-2019,19923,Laverton,-37.86369404,144.7726167,1196550,4200,4300,3800,1550,1100,550,2400,800,500,100
2018-2019,19924,Aircraft,-37.86660595,144.7608094,303150,1050,1050,950,450,350,200,500,150,150,50
2018-2019,19925,Westona,-37.86516348,144.8134936,240150,850,900,550,350,250,100,400,150,200,50
2018-2019,19926,Altona,-37.8671476,144.8296447,302850,950,1000,850,600,450,100,450,200,150,50
2018-2019,19927,Seaholme,-37.86784231,144.8409577,106850,350,350,250,200,150,50,200,50,50,50
2018-2019,19928,Westgarth,-37.7806207,144.9992332,298000,1000,1000,850,550,400,50,550,200,150,50
2018-2019,19929,Dennis,-37.77918729,145.0082416,389350,1350,1400,1150,550,400,100,900,200,150,50
2018-2019,19930,Fairfield,-37.77917126,145.0169053,616150,2050,2150,1800,1050,750,150,1150,400,350,100
2018-2019,19931,Alphington,-37.77839363,145.0312549,296900,1050,1100,800,400,300,50,600,200,200,50
2018-2019,19932,Darebin,-37.77496341,145.038476,150400,550,550,400,200,150,50,300,100,100,50
2018-2019,19933,Ivanhoe,-37.76889674,145.0454252,781000,2700,2850,2200,1150,750,250,1450,450,600,100
2018-2019,19934,Eaglemont,-37.76358553,145.0539427,164500,550,600,500,250,150,50,350,100,50,50
2018-2019,19935,Heidelberg,-37.75707293,145.0606855,791600,2750,2900,2200,1050,800,200,900,600,1100,150
2018-2019,19936,Rosanna,-37.7428786,145.0661403,627150,2150,2250,1850,900,650,300,1300,350,200,50
2018-2019,19937,Moorabbin,-37.93435329,145.0367383,717700,2350,2400,2100,1350,950,150,850,550,700,150
2018-2019,19938,Patterson,-37.92514919,145.03547,354250,1200,1350,750,550,400,100,700,250,250,50
2018-2019,19939,Bentleigh,-37.91742457,145.0369951,727900,2350,2500,1700,1500,1200,200,1100,650,450,150
2018-2019,19940,Mckinnon,-37.91030903,145.038299,450450,1500,1600,1000,800,600,100,850,350,250,50
2018-2019,19941,Ormond,-37.90321167,145.0396134,766350,2500,2750,1700,1400,1100,200,1250,600,550,100
2018-2019,19942,Glenhuntly,-37.88971946,145.0422229,960500,3100,3350,2200,1900,1450,200,1600,800,600,150
2018-2019,19943,Caulfield,-37.87745946,145.0425248,4175050,12800,13500,10050,10200,7650,350,2850,3350,4950,2000
2018-2019,19944,Malvern,-37.8662533,145.0292939,832800,2750,3000,1750,1500,1200,100,1150,600,900,200
2018-2019,19945,Armadale,-37.85645238,145.0193255,582450,1950,2150,1200,1050,750,100,900,450,600,100
2018-2019,19946,Toorak,-37.85077381,145.0139086,514950,1750,1950,950,900,600,50,850,400,500,100
2018-2019,19947,Hawksburn,-37.84459087,145.0021421,507600,1650,1800,1050,1050,750,100,850,400,350,100
2018-2019,19948,Sandringham,-37.95033018,145.0045614,875550,2900,2800,3350,1500,1150,250,1500,500,400,100
2018-2019,19949,Hampton,-37.93797681,145.0014706,577200,1950,1950,2000,950,700,150,1050,350,300,100
2018-2019,19950,Brighton Beach,-37.92648432,144.9891536,447600,1400,1300,1700,900,850,100,600,250,300,50
2018-2019,19951,Middle Brighton,-37.91513441,144.9962991,682450,2200,2200,2250,1300,1100,100,900,500,550,150
2018-2019,19952,North Brighton,-37.90488721,145.002605,665650,2250,2250,2250,1100,750,150,1150,450,450,100
2018-2019,19953,Gardenvale,-37.89669508,145.0041684,518050,1800,1750,1800,800,550,100,900,350,400,50
2018-2019,19954,Elsternwick,-37.88475311,145.0008979,971200,3300,3250,3350,1600,1200,200,1650,650,600,200
2018-2019,19955,Ripponlea,-37.87590643,144.9952366,656550,2250,2300,2050,950,700,150,1250,450,400,100
2018-2019,19956,Balaclava,-37.86948773,144.9935121,1114550,3800,3850,3650,1700,1350,200,1850,750,800,200
2018-2019,19957,Windsor,-37.85605308,144.9920352,915800,3150,3300,2700,1350,950,150,1350,550,1000,250
2018-2019,19958,Prahran,-37.84951848,144.9898599,1156050,4000,4100,3600,1650,1200,100,1200,750,1750,300
2018-2019,19959,South Yarra,-37.83844935,144.9923422,4367150,14500,15450,10700,8050,5750,450,4400,3300,5950,1350
2018-2019,19960,Upfield,-37.66607779,144.9467399,366300,1200,1250,1000,650,500,150,450,300,300,50
2018-2019,19961,Gowrie,-37.700678,144.9588743,321300,1050,1050,950,650,500,150,500,250,150,50
2018-2019,19962,Fawkner,-37.71462129,144.960545,215100,700,700,650,400,350,100,300,150,100,50
2018-2019,19963,Merlynston,-37.72093389,144.9613135,392850,1300,1350,1150,700,550,150,750,250,150,50
2018-2019,19964,Batman,-37.73352285,144.9628406,334900,1100,1100,1000,650,500,100,550,200,200,50
2018-2019,19965,Coburg,-37.74234502,144.9633363,728500,2350,2400,2150,1450,1050,250,1100,600,400,100
2018-2019,19966,Moreland,-37.75448484,144.961823,380850,1250,1250,1150,750,550,100,600,250,250,50
2018-2019,19967,Anstey,-37.76124203,144.960684,468600,1500,1500,1400,1000,700,100,800,300,250,50
2018-2019,19968,Brunswick,-37.76772055,144.9595865,395250,1250,1250,1150,900,650,50,500,300,350,100
2018-2019,19969,Jewell,-37.77498702,144.9587169,422900,1350,1400,1200,850,700,50,450,350,450,100
2018-2019,19970,Royal Park,-37.78119293,144.9523013,357050,1100,1050,1200,800,650,50,200,300,450,50
2018-2019,19971,Flemington Bridge,-37.78813995,144.9393233,286650,900,950,850,650,450,50,350,250,250,50
2018-2019,19972,Macaulay,-37.79426673,144.9361663,289550,950,1000,850,500,350,50,150,250,500,50
2018-2019,19974,Clifton Hill,-37.78865745,144.9954167,990100,2850,2950,2650,2900,2050,150,1250,650,700,200
2018-2019,19975,Victoria Park,-37.79915782,144.9944514,757700,2500,2600,2250,1350,1000,100,750,450,1100,200
2018-2019,19976,Collingwood,-37.80452593,144.9937497,564450,1900,2000,1550,950,650,50,400,350,1050,150
2018-2019,19977,North Richmond,-37.81039836,144.9925003,929650,3050,3100,2750,1700,1350,100,600,650,1500,250
2018-2019,19978,West Richmond,-37.81494896,144.9914228,510950,1700,1750,1500,850,600,50,400,400,750,150
2018-2019,19983,Macleod,-37.7260123,145.0691433,598600,2100,2200,1750,800,550,250,1150,350,350,50
2018-2019,19984,Watsonia,-37.71095798,145.0837934,715500,2450,2550,2150,1050,700,450,1450,300,250,50
2018-2019,19985,Greensborough,-37.70395408,145.1082474,728850,2450,2500,2200,1200,850,450,1250,400,350,50
2018-2019,19986,Montmorency,-37.71529624,145.1215157,322350,1100,1200,900,450,300,200,700,150,150,50
2018-2019,19987,Eltham,-37.71354967,145.147822,588850,2050,2150,1650,850,600,400,1050,300,350,50
2018-2019,19988,Diamond Creek,-37.67329744,145.1585062,177250,600,650,500,300,200,150,350,100,50,50
2018-2019,19989,Wattle Glen,-37.66396792,145.1816145,48050,150,200,150,50,50,50,100,50,50,50
2018-2019,19990,Hurstbridge,-37.63939817,145.1920169,123150,400,450,350,200,150,100,250,50,50,50
2018-2019,19991,Williamstown,-37.86775292,144.9053233,161900,500,550,500,300,250,50,200,100,150,50
2018-2019,19992,Williamstown Beach,-37.86398189,144.8944837,202950,700,700,600,300,250,50,300,150,150,50
2018-2019,19993,North Williamstown,-37.85733348,144.8890695,364600,1300,1350,1100,500,300,100,700,250,250,50
2018-2019,19994,Newport,-37.84271757,144.8835999,1334350,4400,4450,4050,2600,1700,400,2450,800,650,150
2018-2019,19995,Spotswood,-37.83063888,144.8859335,344850,1150,1150,1100,600,450,100,550,250,200,50
2018-2019,19996,Yarraville,-37.81585044,144.8899337,998400,3350,3400,3050,1750,1250,250,1850,650,500,200
2018-2019,19997,Seddon,-37.80900514,144.8956716,467700,1600,1650,1400,700,450,100,1000,300,200,50
2018-2019,15351,Sunbury,-37.57909097,144.7273188,803350,2600,2700,2400,1550,1050,700,1000,500,400,100
2018-2019,15353,Diggers Rest,-37.62701651,144.7199224,221250,800,850,700,200,150,150,550,100,50,50
2018-2019,20000,Watergardens,-37.70112872,144.7741805,1689500,5800,5950,5200,2500,1850,1050,3000,1150,600,150
2018-2019,20001,Keilor Plains,-37.72927934,144.7937381,808750,2750,2850,2450,1200,900,500,1550,500,200,50
2018-2019,20002,St Albans,-37.74486131,144.8000505,1191150,3950,4050,3450,2050,1650,400,1650,1200,650,150
2018-2019,20003,Ginifer,-37.75751083,144.8095734,831750,2750,2850,2500,1400,1100,300,1300,700,450,100
2018-2019,20004,Albion,-37.77765281,144.8247036,686100,2350,2450,2100,1000,700,300,1350,450,250,50
2018-2019,20005,Epping,-37.65238715,145.0301217,887650,3050,3200,2400,1350,950,450,1250,700,700,100
2018-2019,20006,Lalor,-37.66585075,145.0171932,605050,2100,2150,1800,900,650,450,1100,350,200,50
2018-2019,20007,Thomastown,-37.68033809,145.0142789,806600,2700,2750,2350,1400,1000,400,1250,650,400,100
2018-2019,20008,Keon Park,-37.69487012,145.0118838,396950,1300,1350,1100,700,500,150,500,300,350,50
2018-2019,20009,Ruthven,-37.70789754,145.0095166,409500,1350,1400,1200,700,500,200,800,250,150,50
2018-2019,20010,Reservoir,-37.71688492,145.0069958,959050,3200,3350,2800,1600,1150,350,1300,850,750,150
2018-2019,20011,Regent,-37.72840277,145.0027726,490050,1650,1700,1400,800,600,200,950,300,200,50
2018-2019,20012,Preston,-37.73867424,145.000522,862550,2750,2900,2300,1900,1250,200,1000,800,750,150
2018-2019,20013,Bell,-37.74556212,145.000155,530900,1700,1800,1500,1050,750,150,700,400,450,100
2018-2019,20014,Thornbury,-37.75505179,144.9985715,592300,1950,2000,1900,1100,750,150,1100,350,300,100
2018-2019,20015,Croxton,-37.764101,144.9970562,356400,1150,1200,1050,700,450,100,700,200,150,50
2018-2019,20016,Northcote,-37.76986537,144.9952772,400750,1350,1400,1100,750,500,100,600,250,350,100
2018-2019,20017,Merri,-37.77784668,144.9929725,196550,650,700,500,350,250,50,300,150,200,50
2018-2019,20019,Rushall,-37.78321711,144.9924071,158350,500,550,400,300,200,50,250,100,150,50
2018-2019,20021,Sunshine,-37.78853633,144.8328782,2157750,7000,7150,6250,4050,3300,600,2650,1800,1750,350
2018-2019,20022,Tottenham,-37.7992509,144.8629449,613100,2050,2100,1900,1000,700,200,1050,450,350,50
2018-2019,20023,West Footscray,-37.8018087,144.8853248,733050,2500,2550,2300,1150,750,250,1450,450,350,50
2018-2019,20024,Middle Footscray,-37.8025047,144.8914721,279700,950,950,850,500,350,50,500,200,150,50
2018-2019,20025,Footscray,-37.80108298,144.9031992,5332950,17700,18300,15300,9800,6550,750,5400,4750,6150,1250
2018-2019,20026,South Kensington,-37.79953087,144.925469,412850,1400,1450,1300,650,450,100,700,300,300,50
2018-2019,20027,Flemington Racecourse,-37.78720192,144.9075887,212350,250,300,50,2100,100,50,100,50,100,50
2018-2019,20030,Broadmeadows,-37.68304926,144.9196132,953350,3100,3150,2800,1800,1450,250,800,950,1000,200
2018-2019,20031,Jacana,-37.69513079,144.9158505,226800,700,750,650,450,400,100,350,200,100,50
2018-2019,20032,Glenroy,-37.70453633,144.9172204,1193200,3900,4000,3650,2150,1650,450,1850,900,600,150
2018-2019,20033,Oak Park,-37.71794973,144.9215188,555500,1850,1900,1700,950,700,200,1100,350,200,50
2018-2019,20034,Pascoe Vale,-37.73075596,144.9281956,657950,2200,2250,2050,1100,800,250,1300,400,250,50
2018-2019,20035,Strathmore,-37.74359132,144.9273157,389900,1350,1400,1150,550,400,150,800,200,200,50
2018-2019,20036,Glenbervie,-37.74720985,144.9209387,380800,1300,1350,1200,550,400,150,850,200,100,50
2018-2019,20037,Essendon,-37.7560117,144.9161975,1480050,5050,5200,4500,2300,1550,500,2700,850,950,150
2018-2019,20038,Moonee Ponds,-37.76570666,144.9191607,858700,2850,2900,2650,1600,1050,200,1300,600,650,150
2018-2019,20039,Ascot Vale,-37.77530609,144.9218207,594300,2000,2050,1850,950,700,150,1250,350,250,50
2018-2019,20040,Newmarket,-37.78732767,144.9289785,893850,3000,3100,2600,1550,1100,200,1550,650,550,150
2018-2019,20041,Kensington,-37.79378022,144.9305244,533050,1750,1800,1550,1000,750,100,900,400,350,100
2018-2019,20042,Box Hill,-37.81922165,145.1214289,3685500,12200,12600,10650,6350,5050,600,4000,3250,3950,800
2018-2019,40220,Roxburgh Park,-37.63823121,144.9354037,575000,1950,2000,1800,900,650,350,950,400,250,50
2018-2019,40221,Craigieburn,-37.6018169,144.9433203,1236250,4100,4200,3700,2150,1600,800,2100,800,400,100
2018-2019,44817,Coolaroo,-37.66100253,144.9260556,335750,1200,1200,1100,400,300,150,750,200,100,50
2018-2019,45793,Lynbrook,-38.05734118,145.2492751,390350,1400,1500,950,400,300,250,850,250,100,50
2018-2019,45794,Cardinia Road,-38.07129047,145.437791,381850,1350,1450,1000,450,300,400,700,250,100,50
2018-2019,45795,South Morang,-37.6491588,145.0670324,886550,3000,3050,2650,1500,1050,550,1400,550,450,150
2018-2019,46468,Williams Landing,-37.86986533,144.7474447,1756650,6300,6500,5650,1850,1300,1000,3900,1100,450,100
2018-2019,52095,Southland,-37.958758,145.049124,557650,1600,1600,1600,1550,1300,50,300,500,600,150
2018-2019,52159,Middle Gorge,-37.644062,145.09214,192700,700,750,450,250,150,150,350,100,150,50
2018-2019,19841,Flagstaff,-37.81198131,144.9556538,4854950,18500,19300,15400,2600,1850,100,750,2600,14050,1750
2018-2019,19842,Melbourne Central,-37.80993877,144.9625935,15250700,51500,53150,45000,23850,18950,300,1700,10400,30350,10450
2018-2019,19843,Parliament,-37.81105406,144.9729109,10124200,38000,39650,31600,7000,4850,150,1050,5300,28850,4200
2018-2019,19854,Flinders Street,-37.81830513,144.9669643,28320650,93050,94900,85900,52050,38750,1900,4850,16650,55250,16250
2018-2019,19908,Richmond,-37.82407446,144.9901643,4227000,11800,11850,11650,12700,8950,250,1700,1650,5000,3250
2018-2019,19973,North Melbourne,-37.80630984,144.9415102,1497300,4550,4700,3950,3400,3350,100,700,950,2500,450
2018-2019,19979,Jolimont,-37.81652702,144.9840983,1096750,2800,2750,3000,3850,2600,50,250,400,1300,800
2018-2019,22180,Southern Cross,-37.81793643,144.9514112,19551450,68350,70650,59550,25200,19350,650,3450,10750,48000,7800
2018-2019,19918,Hughesdale,-37.89488129,145.0776351,443900,1500,1650,850,750,500,100,800,350,300,100
2018-2019,20028,Showgrounds,-37.7835,144.915,180000,400,200,1300,600,600,50,50,100,100,50
2018-2019,52160,Hawkstowe,-37.622992,145.097396,193600,650,700,550,250,200,150,400,100,50,50
2018-2019,52161,Mernda,-37.602549,145.100883,562350,1900,1950,1550,950,650,550,950,300,200,50
2019-2020,19827,Stony Point,-38.37423454,145.2218375,4350,50,50,50,50,50,50,50,50,50,50
2019-2020,19828,Crib Point,-38.36612338,145.2040433,10800,50,50,50,100,50,50,50,50,50,50
2019-2020,19829,Morradoo,-38.35403334,145.1896025,3400,50,50,50,50,50,50,50,50,50,50
2019-2020,19830,Bittern,-38.33739032,145.1780265,9400,50,50,50,50,50,50,50,50,50,50
2019-2020,19831,Hastings,-38.30565853,145.1859799,14000,50,50,50,50,50,50,50,50,50,50
2019-2020,19832,Tyabb,-38.259815,145.1864007,3700,50,50,50,50,50,50,50,50,50,50
2019-2020,19833,Somerville,-38.22534196,145.1762449,8950,50,50,50,50,50,50,50,50,50,50
2019-2020,19834,Baxter,-38.19404306,145.1605261,2000,50,50,50,50,50,50,50,50,50,50
2019-2020,19835,Glen Iris,-37.85930842,145.0582249,253400,850,900,700,400,250,50,450,150,250,50
2019-2020,19836,Leawarra,-38.152034,145.139534,6750,50,50,50,50,50,50,50,50,50,50
2019-2020,19837,Darling,-37.86895684,145.0629508,267750,900,900,900,450,300,50,550,150,100,50
2019-2020,19838,East Malvern,-37.87693002,145.069393,400500,1350,1200,1800,650,450,100,800,200,150,50
2019-2020,19839,Holmesglen,-37.87440222,145.090662,439050,1450,1450,1450,800,600,100,600,350,350,50
2019-2020,19840,Jordanville,-37.87360339,145.1120902,402000,1350,1350,1350,650,450,150,800,250,150,50
2019-2020,19844,Belgrave,-37.9091021,145.3552913,296550,950,950,900,650,450,150,350,200,200,50
2019-2020,19845,Tecoma,-37.90811849,145.3429946,59400,200,200,150,100,100,50,100,50,50,50
2019-2020,19846,Upwey,-37.90369097,145.3313334,120700,400,450,300,200,150,50,200,100,100,50
2019-2020,19847,Alamein,-37.86832039,145.0796557,113450,400,400,350,150,100,50,250,50,50,50
2019-2020,19848,Ashburton,-37.86196753,145.0813438,239200,850,850,700,300,200,100,550,150,100,50
2019-2020,19849,Burwood,-37.85156328,145.0805111,268750,950,1000,800,350,250,50,600,150,150,50
2019-2020,19850,Hartwell,-37.84398457,145.0755596,165200,600,600,500,200,150,50,350,100,100,50
2019-2020,19851,Willison,-37.83571565,145.0702976,80300,300,300,250,100,50,50,200,50,50,50
2019-2020,19852,Riversdale,-37.83150543,145.069646,161750,600,650,400,100,50,50,350,100,200,50
2019-2020,19853,Camberwell,-37.82656714,145.0586972,1496350,4850,5050,4200,2650,2300,150,1600,1000,1950,350
2019-2020,19855,Frankston,-38.14299007,145.1261623,896100,2750,2850,2550,2200,1350,500,850,750,600,100
2019-2020,19856,Kananook,-38.12174203,145.1352953,186150,650,650,500,300,200,150,300,150,100,50
2019-2020,19857,Seaford,-38.10402104,145.1282304,317100,1050,1100,850,600,400,300,450,200,100,50
2019-2020,19858,Carrum,-38.07489292,145.1224183,41600,150,150,100,100,50,50,50,50,50,50
2019-2020,19859,Bonbeach,-38.06294478,145.1196804,220450,700,750,600,400,300,100,400,150,50,50
2019-2020,19860,Chelsea,-38.05195538,145.1160413,352400,1150,1200,950,700,450,200,550,250,150,50
2019-2020,19861,Edithvale,-38.03805602,145.1085355,196750,650,650,550,400,250,100,350,150,100,50
2019-2020,19862,Aspendale,-38.02722019,145.1021496,156650,500,550,400,300,200,50,300,100,50,50
2019-2020,19863,Mordialloc,-38.00658295,145.0876594,550700,1750,1900,1300,1200,800,200,800,400,400,100
2019-2020,19864,Parkdale,-37.99307882,145.0763268,299300,1000,1100,700,550,350,100,500,200,200,50
2019-2020,19865,Mentone,-37.9818654,145.0651659,528700,1800,2000,1200,800,500,150,800,400,600,50
2019-2020,19866,Cheltenham,-37.96664989,145.0545579,454850,1550,1650,1150,700,450,150,850,250,350,50
2019-2020,19867,Upper Ferntree Gully,-37.8926717,145.3075302,210850,700,700,600,400,300,150,350,100,100,50
2019-2020,19868,Ferntree Gully,-37.88169799,145.2952513,375900,1300,1350,1150,550,350,250,750,200,150,50
2019-2020,19869,Boronia,-37.8604518,145.2843851,539350,1800,1900,1550,850,600,300,1000,350,200,50
2019-2020,19870,Bayswater,-37.84173004,145.2681364,417400,1400,1450,1250,650,400,250,750,250,200,50
2019-2020,19871,Heathmont,-37.82832227,145.2445554,214600,750,800,600,300,200,100,450,100,100,50
2019-2020,19872,Highett,-37.948425,145.0418718,328050,1050,1150,800,650,400,100,550,250,200,50
2019-2020,19873,Glen Waverley,-37.87950407,145.1620575,1305600,4250,4300,4200,2600,1700,400,2100,850,700,200
2019-2020,19874,Syndal,-37.87622963,145.1497805,708350,2450,2450,2400,1050,750,400,1250,350,350,50
2019-2020,19875,Mount Waverley,-37.87525526,145.1280557,662850,2200,2300,2050,1100,800,200,1100,400,450,50
2019-2020,19876,Lilydale,-37.75551777,145.3477102,556700,1800,1850,1550,1150,800,300,750,400,350,50
2019-2020,19877,Mooroolbark,-37.78474883,145.3124024,568300,1950,2000,1600,900,600,400,1050,300,200,50
2019-2020,19878,Croydon,-37.79543697,145.2805978,726050,2450,2550,2100,1200,750,450,1200,450,350,50
2019-2020,19879,Ringwood East,-37.81196804,145.2501909,369900,1300,1400,1050,450,300,200,800,200,200,50
2019-2020,19880,Pakenham,-38.08061397,145.4863791,465800,1500,1650,1050,900,650,350,600,350,250,50
2019-2020,19881,Officer,-38.06614572,145.4109872,132100,500,550,300,100,100,150,250,100,100,50
2019-2020,19882,Beaconsfield,-38.05083135,145.3660737,234200,850,950,450,200,150,250,400,100,150,50
2019-2020,19883,Berwick,-38.04040829,145.3457261,754550,2650,3000,1550,900,600,700,1200,550,500,50
2019-2020,19884,Narre Warren,-38.02780932,145.3039694,587550,2000,2150,1350,950,650,500,900,450,250,50
2019-2020,19885,Hallam,-38.01774038,145.2697768,463500,1600,1750,1100,600,400,400,750,300,250,50
2019-2020,19886,Cranbourne,-38.09953731,145.280599,773050,2600,2900,1650,1200,900,750,1200,600,250,50
2019-2020,19887,Merinda Park,-38.07900048,145.2635114,301600,1050,1200,650,350,250,300,650,200,100,50
2019-2020,19888,Dandenong,-37.98996792,145.2097254,1819050,6050,6350,5050,3150,2300,450,1550,1650,2250,400
2019-2020,19889,Yarraman,-37.97825454,145.1916003,283350,950,1000,700,450,350,150,450,250,150,50
2019-2020,19890,Noble Park,-37.96723193,145.1769357,868350,2850,3100,2100,1550,1100,350,1150,800,650,150
2019-2020,19891,Sandown Park,-37.95650457,145.1628259,443950,1550,1700,1000,600,450,200,1050,300,150,50
2019-2020,19892,East Camberwell,-37.82589419,145.0681902,201450,700,800,400,250,150,50,300,150,300,50
2019-2020,19893,Canterbury,-37.82448518,145.0812242,284700,950,1000,750,450,350,50,500,200,250,50
2019-2020,19894,Chatham,-37.82429952,145.0886479,196950,700,700,550,300,200,50,400,150,100,50
2019-2020,19895,Surrey Hills,-37.82414805,145.0987747,568250,1900,2000,1600,950,650,200,1200,300,300,50
2019-2020,19896,Mont Albert,-37.81942655,145.1055304,200300,650,700,550,350,250,50,400,150,100,50
2019-2020,19897,Laburnum,-37.82078023,145.1407027,340950,1150,1200,850,600,400,100,600,250,250,50
2019-2020,19898,Blackburn,-37.82007075,145.1500135,1185100,3950,4150,3250,2050,1500,300,2100,800,800,150
2019-2020,19899,Nunawading,-37.82060317,145.1748917,888900,2950,3050,2550,1500,1150,250,1550,600,550,100
2019-2020,19900,Mitcham,-37.81800987,145.1919735,945050,3250,3400,2750,1450,900,450,1800,550,500,100
2019-2020,19901,Heatherdale,-37.81889537,145.2127872,471200,1650,1750,1400,600,400,300,1000,250,200,50
2019-2020,19902,Ringwood,-37.81588648,145.2289685,1475200,4650,4750,4200,3300,2350,400,1600,1150,1300,300
2019-2020,19903,Auburn,-37.82239831,145.0458437,584350,1950,2050,1600,1050,750,100,950,400,500,100
2019-2020,19904,Glenferrie,-37.82146682,145.0364388,1949900,6850,7450,4900,2450,1650,150,1300,1900,3450,700
2019-2020,19905,Hawthorn,-37.82182601,145.0228987,553450,1900,2050,1550,750,550,100,800,400,700,50
2019-2020,19906,Burnley,-37.82756022,145.0075551,633700,2150,2200,1950,1200,650,100,850,350,750,150
2019-2020,19907,East Richmond,-37.82639995,144.9970657,506300,1850,1950,1600,450,250,50,300,250,1200,150
2019-2020,19909,Heyington,-37.83467244,145.0226353,163100,600,700,250,150,100,50,200,100,350,50
2019-2020,19910,Kooyong,-37.83992894,145.0335516,263150,900,950,850,350,250,50,300,250,300,50
2019-2020,19911,Tooronga,-37.84936553,145.0417337,456150,1600,1650,1450,600,400,100,650,250,600,50
2019-2020,19912,Gardiner,-37.85327908,145.0516547,389800,1300,1300,1200,750,500,100,700,250,250,50
2019-2020,19913,Springvale,-37.94950878,145.1534518,1295050,4000,4300,3100,3000,2150,350,1300,1250,1150,250
2019-2020,19914,Westall,-37.93849121,145.1388326,676550,1950,2100,1600,2000,1400,200,800,450,500,100
2019-2020,19915,Clayton,-37.92468255,145.1205344,1388700,4450,4850,3250,2800,1950,300,1500,1300,1350,400
2019-2020,19916,Huntingdale,-37.91101734,145.1023643,1151750,4100,4650,2250,1150,850,250,1400,1000,1700,300
2019-2020,19917,Oakleigh,-37.90037214,145.0883079,1215300,3950,4400,2600,2300,1600,300,1350,1050,1400,350
2019-2020,19918,Hughesdale,-37.89488129,145.0776351,501050,1650,1850,1000,850,600,150,850,400,350,100
2019-2020,19919,Murrumbeena,-37.89019832,145.0673749,625600,2100,2350,1250,1000,700,200,1300,500,300,50
2019-2020,19920,Carnegie,-37.88624148,145.0585751,833000,2750,3050,1700,1500,1100,200,1400,700,500,200
2019-2020,19921,Werribee,-37.89937805,144.661118,1061600,3650,3750,3300,1500,1050,750,1700,750,450,50
2019-2020,19922,Hoppers Crossing,-37.88327618,144.7009549,1079900,3750,3950,3200,1400,950,700,1850,750,600,100
2019-2020,19923,Laverton,-37.86369404,144.7726167,944750,3250,3350,2900,1300,950,450,1800,650,400,50
2019-2020,19924,Aircraft,-37.86660595,144.7608094,248950,850,850,750,400,300,150,400,150,100,50
2019-2020,19925,Westona,-37.86516348,144.8134936,212000,750,800,550,300,200,100,300,150,200,50
2019-2020,19926,Altona,-37.8671476,144.8296447,261900,850,850,750,550,400,100,350,200,150,50
2019-2020,19927,Seaholme,-37.86784231,144.8409577,89300,300,300,250,150,150,50,150,50,50,50
2019-2020,19928,Westgarth,-37.7806207,144.9992332,227000,750,750,600,450,300,50,400,150,100,50
2019-2020,19929,Dennis,-37.77918729,145.0082416,305550,1050,1100,850,500,350,50,700,200,150,50
2019-2020,19930,Fairfield,-37.77917126,145.0169053,509000,1650,1700,1450,1000,700,150,900,350,250,100
2019-2020,19931,Alphington,-37.77839363,145.0312549,239400,800,850,650,400,300,50,450,150,150,50
2019-2020,19932,Darebin,-37.77496341,145.038476,118850,400,450,300,200,150,50,200,100,100,50
2019-2020,19933,Ivanhoe,-37.76889674,145.0454252,604100,2050,2150,1650,1050,700,200,1100,350,450,50
2019-2020,19934,Eaglemont,-37.76358553,145.0539427,128000,450,450,350,250,150,50,250,100,50,50
2019-2020,19935,Heidelberg,-37.75707293,145.0606855,647000,2200,2350,1750,950,750,150,700,500,900,100
2019-2020,19936,Rosanna,-37.7428786,145.0661403,552500,1850,1950,1600,900,650,300,1100,300,200,50
2019-2020,19937,Moorabbin,-37.93435329,145.0367383,671250,2050,2250,1450,1600,1250,150,800,550,600,150
2019-2020,19938,Patterson,-37.92514919,145.03547,249700,850,1000,450,350,250,100,500,150,200,50
2019-2020,19939,Bentleigh,-37.91742457,145.0369951,515100,1650,1800,1100,1050,700,150,800,450,350,100
2019-2020,19940,Mckinnon,-37.91030903,145.038299,324500,1100,1200,650,550,400,100,600,250,200,50
2019-2020,19941,Ormond,-37.90321167,145.0396134,528350,1750,1950,1100,950,650,150,900,450,400,50
2019-2020,19942,Glenhuntly,-37.88971946,145.0422229,660200,2150,2350,1400,1300,900,150,1100,550,450,100
2019-2020,19943,Caulfield,-37.87745946,145.0425248,2853200,9050,9100,8850,6450,4250,250,2050,2300,3200,1250
2019-2020,19944,Malvern,-37.8662533,145.0292939,586650,1900,2200,950,1100,750,100,850,450,700,150
2019-2020,19945,Armadale,-37.85645238,145.0193255,414400,1350,1600,650,750,500,50,700,350,450,50
2019-2020,19946,Toorak,-37.85077381,145.0139086,370450,1250,1450,500,650,450,50,650,300,400,50
2019-2020,19947,Hawksburn,-37.84459087,145.0021421,369550,1200,1350,600,750,500,100,650,300,300,50
2019-2020,19948,Sandringham,-37.95033018,145.0045614,813600,2600,2500,2850,1700,1250,250,1300,450,400,100
2019-2020,19949,Hampton,-37.93797681,145.0014706,501150,1650,1650,1650,950,650,150,850,300,250,50
2019-2020,19950,Brighton Beach,-37.92648432,144.9891536,345550,1100,1050,1300,700,550,100,500,200,200,50
2019-2020,19951,Middle Brighton,-37.91513441,144.9962991,567700,1750,1800,1700,1250,950,100,700,400,450,100
2019-2020,19952,North Brighton,-37.90488721,145.002605,554050,1850,1850,1750,1050,700,100,900,400,350,100
2019-2020,19953,Gardenvale,-37.89669508,145.0041684,421550,1400,1400,1450,750,500,100,700,250,300,50
2019-2020,19954,Elsternwick,-37.88475311,145.0008979,797150,2600,2650,2550,1500,1000,150,1300,550,500,150
2019-2020,19955,Ripponlea,-37.87590643,144.9952366,531200,1800,1850,1500,900,600,100,1000,350,300,50
2019-2020,19956,Balaclava,-37.86948773,144.9935121,923000,3050,3150,2700,1650,1200,200,1500,650,650,150
2019-2020,19957,Windsor,-37.85605308,144.9920352,714100,2400,2550,1850,1250,800,100,1050,450,750,200
2019-2020,19958,Prahran,-37.84951848,144.9898599,951300,3200,3350,2600,1600,1050,100,950,650,1400,250
2019-2020,19959,South Yarra,-37.83844935,144.9923422,3151600,10650,11650,7250,5250,3450,350,3350,2600,4450,950
2019-2020,19960,Upfield,-37.66607779,144.9467399,284700,950,1000,850,500,350,100,300,250,300,50
2019-2020,19961,Gowrie,-37.700678,144.9588743,258500,850,850,750,500,350,100,400,200,150,50
2019-2020,19962,Fawkner,-37.71462129,144.960545,165300,550,550,500,300,250,100,250,100,100,50
2019-2020,19963,Merlynston,-37.72093389,144.9613135,296300,1000,1000,900,500,350,150,550,200,100,50
2019-2020,19964,Batman,-37.73352285,144.9628406,257000,850,900,750,450,350,100,450,150,150,50
2019-2020,19965,Coburg,-37.74234502,144.9633363,508700,1650,1700,1550,950,650,150,700,450,300,50
2019-2020,19966,Moreland,-37.75448484,144.961823,272400,900,900,800,500,350,50,400,200,200,50
2019-2020,19967,Anstey,-37.76124203,144.960684,357050,1150,1200,1050,700,500,100,600,250,200,50
2019-2020,19968,Brunswick,-37.76772055,144.9595865,304300,950,1000,850,650,450,50,350,250,300,100
2019-2020,19969,Jewell,-37.77498702,144.9587169,315750,1000,1050,850,600,450,50,350,250,350,100
2019-2020,19970,Royal Park,-37.78119293,144.9523013,269450,850,850,900,550,450,50,150,250,400,50
2019-2020,19971,Flemington Bridge,-37.78813995,144.9393233,225150,750,750,650,450,300,50,250,250,200,50
2019-2020,19972,Macaulay,-37.79426673,144.9361663,249450,850,900,700,400,250,50,150,200,400,50
2019-2020,19974,Clifton Hill,-37.78865745,144.9954167,709000,2250,2350,1950,1600,1100,100,1000,500,500,150
2019-2020,19975,Victoria Park,-37.79915782,144.9944514,612450,2000,2100,1750,1100,850,50,700,400,800,150
2019-2020,19976,Collingwood,-37.80452593,144.9937497,460950,1550,1650,1250,800,550,50,350,300,850,100
2019-2020,19977,North Richmond,-37.81039836,144.9925003,738350,2400,2450,2100,1400,1100,50,500,550,1150,200
2019-2020,19978,West Richmond,-37.81494896,144.9914228,436500,1450,1500,1250,800,550,50,350,350,650,150
2019-2020,19983,Macleod,-37.7260123,145.0691433,469500,1600,1700,1300,750,550,200,850,300,300,50
2019-2020,19984,Watsonia,-37.71095798,145.0837934,577000,1950,2050,1600,1000,650,400,1100,250,200,50
2019-2020,19985,Greensborough,-37.70395408,145.1082474,588050,1900,2000,1650,1200,800,350,950,350,300,50
2019-2020,19986,Montmorency,-37.71529624,145.1215157,254100,850,900,700,400,250,150,550,100,100,50
2019-2020,19987,Eltham,-37.71354967,145.147822,461400,1550,1650,1250,750,550,300,800,250,250,50
2019-2020,19988,Diamond Creek,-37.67329744,145.1585062,151700,500,550,400,300,200,100,300,100,50,50
2019-2020,19989,Wattle Glen,-37.66396792,145.1816145,35850,100,150,100,50,50,50,100,50,50,50
2019-2020,19990,Hurstbridge,-37.63939817,145.1920169,98200,300,350,250,200,150,50,200,50,50,50
2019-2020,19991,Williamstown,-37.86775292,144.9053233,132850,400,450,400,250,250,50,200,100,100,50
2019-2020,19992,Williamstown Beach,-37.86398189,144.8944837,162050,550,550,450,250,200,50,250,150,150,50
2019-2020,19993,North Williamstown,-37.85733348,144.8890695,289450,1000,1050,850,400,250,100,550,200,200,50
2019-2020,19994,Newport,-37.84271757,144.8835999,1037400,3450,3600,3000,1950,1150,300,1900,650,550,150
2019-2020,19995,Spotswood,-37.83063888,144.8859335,273300,900,900,850,500,350,50,400,200,200,50
2019-2020,19996,Yarraville,-37.81585044,144.8899337,785800,2600,2650,2300,1450,1050,200,1400,500,400,150
2019-2020,19997,Seddon,-37.80900514,144.8956716,379400,1300,1350,1150,600,400,100,750,250,150,50
2019-2020,15351,Sunbury,-37.57909097,144.7273188,628800,2050,2100,1750,1350,800,550,750,400,300,100
2019-2020,15353,Diggers Rest,-37.62701651,144.7199224,185050,650,700,550,200,150,150,400,100,50,50
2019-2020,20000,Watergardens,-37.70112872,144.7741805,1300950,4350,4550,3650,2250,1500,800,2200,900,500,100
2019-2020,20001,Keilor Plains,-37.72927934,144.7937381,632200,2100,2200,1800,1050,750,400,1150,400,150,50
2019-2020,20002,St Albans,-37.74486131,144.8000505,963000,3100,3300,2550,1900,1300,300,1300,1000,550,100
2019-2020,20003,Ginifer,-37.75751083,144.8095734,659350,2150,2250,1800,1250,900,250,1000,550,350,50
2019-2020,20004,Albion,-37.77765281,144.8247036,537450,1800,1900,1450,850,600,250,1050,350,200,50
2019-2020,20005,Epping,-37.65238715,145.0301217,690350,2350,2450,1950,1100,750,350,950,550,500,100
2019-2020,20006,Lalor,-37.66585075,145.0171932,477500,1650,1700,1500,700,450,300,850,300,150,50
2019-2020,20007,Thomastown,-37.68033809,145.0142789,600300,2000,2050,1850,1050,700,300,900,500,300,50
2019-2020,20008,Keon Park,-37.69487012,145.0118838,313250,1000,1050,950,600,400,150,350,250,250,50
2019-2020,20009,Ruthven,-37.70789754,145.0095166,334100,1100,1150,1000,550,400,150,650,200,100,50
2019-2020,20010,Reservoir,-37.71688492,145.0069958,517550,1700,1750,1600,900,650,200,650,450,400,50
2019-2020,20011,Regent,-37.72840277,145.0027726,399650,1350,1400,1200,600,400,200,800,250,150,50
2019-2020,20012,Preston,-37.73867424,145.000522,648650,2050,2150,1850,1400,900,150,750,600,550,100
2019-2020,20013,Bell,-37.74556212,145.000155,444100,1400,1450,1200,1000,750,100,600,300,350,100
2019-2020,20014,Thornbury,-37.75505179,144.9985715,544200,1700,1800,1250,1350,900,150,1000,350,250,50
2019-2020,20015,Croxton,-37.764101,144.9970562,281250,900,950,800,550,400,50,550,150,100,50
2019-2020,20016,Northcote,-37.76986537,144.9952772,308200,1000,1050,850,600,400,50,450,200,300,50
2019-2020,20017,Merri,-37.77784668,144.9929725,153450,500,550,400,300,200,50,250,100,150,50
2019-2020,20019,Rushall,-37.78321711,144.9924071,124600,400,450,300,250,200,50,200,100,100,50
2019-2020,20021,Sunshine,-37.78853633,144.8328782,1753250,5700,5850,5300,3300,2400,500,2000,1500,1550,300
2019-2020,20022,Tottenham,-37.7992509,144.8629449,442450,1450,1550,1250,750,550,150,750,350,250,50
2019-2020,20023,West Footscray,-37.8018087,144.8853248,515950,1700,1800,1400,900,600,150,1000,350,250,50
2019-2020,20024,Middle Footscray,-37.8025047,144.8914721,191600,600,650,500,400,250,50,350,150,100,50
2019-2020,20025,Footscray,-37.80108298,144.9031992,4038750,13350,14050,11100,7550,4800,600,4100,3800,4650,900
2019-2020,20026,South Kensington,-37.79953087,144.925469,304750,1050,1050,900,500,350,50,500,250,200,50
2019-2020,20027,Flemington Racecourse,-37.78720192,144.9075887,154650,100,150,50,1700,150,50,50,50,50,50
2019-2020,20028,Showgrounds,-37.7835,144.915,143150,300,100,950,500,650,50,50,50,50,50
2019-2020,20030,Broadmeadows,-37.68304926,144.9196132,810850,2600,2750,2250,1600,1200,200,700,850,850,150
2019-2020,20031,Jacana,-37.69513079,144.9158505,221650,700,700,650,450,400,100,350,200,100,50
2019-2020,20032,Glenroy,-37.70453633,144.9172204,1037400,3350,3450,3050,2000,1500,400,1550,850,550,100
2019-2020,20033,Oak Park,-37.71794973,144.9215188,479050,1600,1650,1400,850,650,200,900,300,200,50
2019-2020,20034,Pascoe Vale,-37.73075596,144.9281956,545050,1800,1850,1600,950,650,200,1050,350,200,50
2019-2020,20035,Strathmore,-37.74359132,144.9273157,318600,1100,1150,900,450,300,100,650,200,150,50
2019-2020,20036,Glenbervie,-37.74720985,144.9209387,301950,1050,1050,900,450,300,100,650,150,100,50
2019-2020,20037,Essendon,-37.7560117,144.9161975,1298700,4300,4500,3700,2350,1550,500,2300,750,850,150
2019-2020,20038,Moonee Ponds,-37.76570666,144.9191607,776300,2550,2650,2250,1500,1000,150,1150,600,600,150
2019-2020,20039,Ascot Vale,-37.77530609,144.9218207,488800,1650,1700,1400,850,600,150,1000,300,200,50
2019-2020,20040,Newmarket,-37.78732767,144.9289785,675600,2200,2300,1900,1300,900,150,1100,500,450,100
2019-2020,20041,Kensington,-37.79378022,144.9305244,424600,1350,1400,1200,900,600,100,650,300,300,50
2019-2020,20042,Box Hill,-37.81922165,145.1214289,2775200,9050,9400,7750,5500,3700,500,2950,2450,2950,550
2019-2020,40220,Roxburgh Park,-37.63823121,144.9354037,488650,1650,1700,1450,800,550,300,750,350,250,50
2019-2020,40221,Craigieburn,-37.6018169,144.9433203,1126250,3700,3850,3150,2050,1450,700,1900,750,400,100
2019-2020,44817,Coolaroo,-37.66100253,144.9260556,274750,950,1000,850,350,250,100,600,150,100,50
2019-2020,45793,Lynbrook,-38.05734118,145.2492751,352250,1250,1400,750,450,300,250,750,250,100,50
2019-2020,45794,Cardinia Road,-38.07129047,145.437791,355850,1250,1350,800,500,350,350,600,250,100,50
2019-2020,45795,South Morang,-37.6491588,145.0670324,554250,1850,1900,1700,950,600,300,850,350,300,100
2019-2020,46468,Williams Landing,-37.86986533,144.7474447,1419700,5100,5250,4450,1600,950,800,3050,900,400,100
2019-2020,52095,Southland,-37.958758,145.049124,441650,1300,1300,1300,1150,900,100,300,400,450,100
2019-2020,52159,Middle Gorge,-37.644062,145.09214,184700,650,700,500,200,150,100,350,100,150,50
2019-2020,52160,Hawkstowe,-37.622992,145.097396,181900,650,650,550,250,150,150,400,100,50,50
2019-2020,52161,Mernda,-37.602549,145.100883,527250,1800,1850,1600,800,500,500,900,250,150,50
2019-2020,19841,Flagstaff,-37.81198131,144.9556538,3883350,14600,15350,12100,2200,1600,100,650,2250,10950,1400
2019-2020,19842,Melbourne Central,-37.80993877,144.9625935,10865600,36300,38250,29850,17100,13850,200,1300,7850,21750,7150
2019-2020,19843,Parliament,-37.81105406,144.9729109,7646300,28300,29950,22850,5550,3800,150,750,4150,21750,3200
2019-2020,19854,Flinders Street,-37.81830513,144.9669643,21503500,70500,72650,63400,39400,28950,1300,3950,13250,42400,11750
2019-2020,19908,Richmond,-37.82407446,144.9901643,2965500,8600,8800,7900,8450,6150,200,1250,1350,4150,1900
2019-2020,19973,North Melbourne,-37.80630984,144.9415102,1183050,3800,3950,3300,2350,1900,100,600,850,2000,350
2019-2020,19979,Jolimont,-37.81652702,144.9840983,787850,2000,2000,2000,2700,2300,50,200,350,1000,450
2019-2020,22180,Southern Cross,-37.81793643,144.9514112,14895400,52450,54750,44700,17550,13150,500,2650,8500,37550,5550
2020-2021,19827,Stony Point,-38.37423454,145.2218375,3900,50,50,50,50,50,50,50,50,50,50
2020-2021,19828,Crib Point,-38.36612338,145.2040433,8450,50,50,50,50,50,50,50,50,50,50
2020-2021,19829,Morradoo,-38.35403334,145.1896025,2200,50,50,50,50,50,50,50,50,50,50
2020-2021,19830,Bittern,-38.33739032,145.1780265,5350,50,50,50,50,50,50,50,50,50,50
2020-2021,19831,Hastings,-38.30565853,145.1859799,10500,50,50,50,50,50,50,50,50,50,50
2020-2021,19832,Tyabb,-38.259815,145.1864007,2700,50,50,50,50,50,50,50,50,50,50
2020-2021,19833,Somerville,-38.22534196,145.1762449,4950,50,50,50,50,50,50,50,50,50,50
2020-2021,19834,Baxter,-38.19404306,145.1605261,1850,50,50,50,50,50,50,50,50,50,50
2020-2021,19835,Glen Iris,-37.85930842,145.0582249,118200,400,400,300,250,150,50,150,100,150,50
2020-2021,19836,Leawarra,-38.152034,145.139534,4250,50,50,50,50,50,50,50,50,50,50
2020-2021,19837,Darling,-37.86895684,145.0629508,120400,350,350,250,400,250,50,200,100,50,50
2020-2021,19838,East Malvern,-37.87693002,145.069393,127600,400,400,350,300,200,50,200,100,100,50
2020-2021,19839,Holmesglen,-37.87440222,145.090662,187800,550,600,500,450,300,50,200,200,150,50
2020-2021,19840,Jordanville,-37.87360339,145.1120902,157850,500,500,450,350,250,50,250,100,100,50
2020-2021,19844,Belgrave,-37.9091021,145.3552913,143400,450,450,400,350,250,50,150,100,100,50
2020-2021,19845,Tecoma,-37.90811849,145.3429946,30300,100,100,100,50,50,50,50,50,50,50
2020-2021,19846,Upwey,-37.90369097,145.3313334,61700,200,200,150,150,100,50,50,50,50,50
2020-2021,19847,Alamein,-37.86832039,145.0796557,46350,150,150,150,100,50,50,100,50,50,50
2020-2021,19848,Ashburton,-37.86196753,145.0813438,100200,350,350,300,150,100,50,150,100,50,50
2020-2021,19849,Burwood,-37.85156328,145.0805111,106400,350,350,300,150,100,50,200,100,50,50
2020-2021,19850,Hartwell,-37.84398457,145.0755596,66400,200,250,200,100,100,50,100,50,50,50
2020-2021,19851,Willison,-37.83571565,145.0702976,32400,100,100,100,50,50,50,50,50,50,50
2020-2021,19852,Riversdale,-37.83150543,145.069646,73250,250,300,150,50,50,50,100,50,150,50
2020-2021,19853,Camberwell,-37.82656714,145.0586972,641150,2000,2000,1900,1350,1150,50,500,500,850,150
2020-2021,19855,Frankston,-38.14299007,145.1261623,576400,1700,1650,1900,1500,1050,200,400,500,400,100
2020-2021,19856,Kananook,-38.12174203,145.1352953,92700,300,300,300,200,150,50,100,100,50,50
2020-2021,19857,Seaford,-38.10402104,145.1282304,154500,450,450,500,350,250,100,150,100,50,50
2020-2021,19858,Carrum,-38.07489292,145.1224183,157950,500,500,450,400,250,50,200,100,50,50
2020-2021,19859,Bonbeach,-38.06294478,145.1196804,71450,200,200,200,150,100,50,100,50,50,50
2020-2021,19860,Chelsea,-38.05195538,145.1160413,186300,550,550,550,450,300,50,200,150,100,50
2020-2021,19861,Edithvale,-38.03805602,145.1085355,104700,300,300,300,250,150,50,150,100,50,50
2020-2021,19862,Aspendale,-38.02722019,145.1021496,84050,250,250,250,200,100,50,100,50,50,50
2020-2021,19863,Mordialloc,-38.00658295,145.0876594,339550,1050,1100,900,800,500,100,350,250,300,50
2020-2021,19864,Parkdale,-37.99307882,145.0763268,161900,500,500,400,400,250,50,150,150,150,50
2020-2021,19865,Mentone,-37.9818654,145.0651659,362550,1200,1300,800,650,400,50,250,300,650,50
2020-2021,19867,Upper Ferntree Gully,-37.8926717,145.3075302,95700,300,300,300,200,150,50,100,50,50,50
2020-2021,19868,Ferntree Gully,-37.88169799,145.2952513,162600,550,550,450,300,200,100,250,100,100,50
2020-2021,19869,Boronia,-37.8604518,145.2843851,243500,800,800,750,450,350,100,350,200,150,50
2020-2021,19870,Bayswater,-37.84173004,145.2681364,213500,700,700,650,400,300,50,250,150,150,50
2020-2021,19871,Heathmont,-37.82832227,145.2445554,96050,300,350,250,150,100,50,150,50,100,50
2020-2021,19872,Highett,-37.948425,145.0418718,194000,600,600,550,450,300,50,250,150,150,50
2020-2021,19873,Glen Waverley,-37.87950407,145.1620575,530400,1600,1600,1500,1350,950,100,600,400,350,100
2020-2021,19874,Syndal,-37.87622963,145.1497805,261400,850,850,750,550,350,100,400,200,200,50
2020-2021,19875,Mount Waverley,-37.87525526,145.1280557,280350,900,900,750,600,400,50,300,200,300,50
2020-2021,19876,Lilydale,-37.75551777,145.3477102,244300,750,750,750,500,350,100,250,200,200,50
2020-2021,19877,Mooroolbark,-37.78474883,145.3124024,197000,650,650,600,400,250,100,300,150,100,50
2020-2021,19878,Croydon,-37.79543697,145.2805978,311100,1000,1000,1000,600,400,150,400,250,200,50
2020-2021,19879,Ringwood East,-37.81196804,145.2501909,140600,500,500,400,200,150,50,200,100,100,50
2020-2021,19880,Pakenham,-38.08061397,145.4863791,280300,900,900,900,550,400,200,300,200,150,50
2020-2021,19881,Officer,-38.06614572,145.4109872,62250,200,250,200,50,50,50,100,50,50,50
2020-2021,19882,Beaconsfield,-38.05083135,145.3660737,109600,400,400,300,150,100,100,150,100,100,50
2020-2021,19883,Berwick,-38.04040829,145.3457261,361200,1250,1300,1000,500,350,200,400,300,300,50
2020-2021,19884,Narre Warren,-38.02780932,145.3039694,309300,1050,1050,1000,500,350,200,350,250,150,50
2020-2021,19885,Hallam,-38.01774038,145.2697768,219250,750,750,750,300,200,150,250,150,150,50
2020-2021,19886,Cranbourne,-38.09953731,145.280599,407700,1350,1400,1200,700,500,300,500,300,150,50
2020-2021,19887,Merinda Park,-38.07900048,145.2635114,126750,450,450,350,200,150,100,200,100,50,50
2020-2021,19888,Dandenong,-37.98996792,145.2097254,1159900,3800,3850,3500,2050,1600,250,850,1000,1450,250
2020-2021,19889,Yarraman,-37.97825454,145.1916003,158500,500,500,500,300,250,50,150,150,100,50
2020-2021,19890,Noble Park,-37.96723193,145.1769357,513650,1650,1700,1500,950,800,200,500,450,400,100
2020-2021,19891,Sandown Park,-37.95650457,145.1628259,178800,600,600,550,300,250,50,250,150,100,50
2020-2021,19892,East Camberwell,-37.82589419,145.0681902,100800,350,400,200,150,100,50,100,100,200,50
2020-2021,19893,Canterbury,-37.82448518,145.0812242,122400,400,400,350,250,150,50,150,100,150,50
2020-2021,19894,Chatham,-37.82429952,145.0886479,80050,250,250,250,150,100,50,100,50,50,50
2020-2021,19895,Surrey Hills,-37.82414805,145.0987747,245900,800,800,700,450,300,50,400,150,150,50
2020-2021,19896,Mont Albert,-37.81942655,145.1055304,84300,250,250,250,200,150,50,100,50,50,50
2020-2021,19897,Laburnum,-37.82078023,145.1407027,153150,500,500,400,300,200,50,200,150,150,50
2020-2021,19898,Blackburn,-37.82007075,145.1500135,533050,1700,1800,1500,1000,700,100,700,400,450,50
2020-2021,19899,Nunawading,-37.82060317,145.1748917,390550,1250,1250,1150,800,550,100,450,300,350,50
2020-2021,19900,Mitcham,-37.81800987,145.1919735,401050,1300,1350,1150,700,500,150,600,300,300,50
2020-2021,19901,Heatherdale,-37.81889537,145.2127872,185950,650,650,550,300,200,100,350,100,100,50
2020-2021,19902,Ringwood,-37.81588648,145.2289685,852050,2600,2600,2550,2050,1500,150,650,700,900,200
2020-2021,19903,Auburn,-37.82239831,145.0458437,278650,900,900,800,600,400,50,300,200,300,50
2020-2021,19904,Glenferrie,-37.82146682,145.0364388,749450,2500,2650,1950,1200,850,50,400,750,1250,200
2020-2021,19905,Hawthorn,-37.82182601,145.0228987,243600,800,850,700,400,300,50,250,200,350,50
2020-2021,19906,Burnley,-37.82756022,145.0075551,303500,850,900,750,1000,650,50,250,200,350,50
2020-2021,19907,East Richmond,-37.82639995,144.9970657,198600,700,700,600,300,200,50,100,100,400,50
2020-2021,19909,Heyington,-37.83467244,145.0226353,99050,350,450,100,100,50,50,50,100,250,50
2020-2021,19910,Kooyong,-37.83992894,145.0335516,102400,350,350,250,200,150,50,100,100,150,50
2020-2021,19911,Tooronga,-37.84936553,145.0417337,176050,550,600,500,350,250,50,200,150,200,50
2020-2021,19912,Gardiner,-37.85327908,145.0516547,157650,500,500,450,400,300,50,200,100,100,50
2020-2021,19913,Springvale,-37.94950878,145.1534518,754300,2300,2300,2250,1650,1350,150,600,700,700,150
2020-2021,19914,Westall,-37.93849121,145.1388326,339550,1000,1000,900,900,700,100,300,250,300,50
2020-2021,19915,Clayton,-37.92468255,145.1205344,796650,2500,2500,2500,1600,1300,150,600,700,850,250
2020-2021,19916,Huntingdale,-37.91101734,145.1023643,556100,1950,2050,1550,650,450,100,450,500,850,150
2020-2021,19917,Oakleigh,-37.90037214,145.0883079,763050,2400,2450,2300,1600,1150,150,550,650,900,200
2020-2021,19918,Hughesdale,-37.89488129,145.0776351,250500,800,800,750,500,350,50,300,200,200,50
2020-2021,19919,Murrumbeena,-37.89019832,145.0673749,318600,1000,1050,1000,600,450,100,400,250,200,50
2020-2021,19920,Carnegie,-37.88624148,145.0585751,460850,1450,1450,1450,950,750,100,500,400,350,100
2020-2021,19921,Werribee,-37.89937805,144.661118,351350,1150,1150,1250,600,400,200,450,300,200,50
2020-2021,19922,Hoppers Crossing,-37.88327618,144.7009549,349850,1200,1200,1150,550,350,200,400,300,250,50
2020-2021,19923,Laverton,-37.86369404,144.7726167,596350,1950,2050,1650,1050,750,300,800,500,350,50
2020-2021,19924,Aircraft,-37.86660595,144.7608094,70150,250,200,250,100,100,50,100,50,50,50
2020-2021,19925,Westona,-37.86516348,144.8134936,107350,350,400,250,150,100,50,100,100,150,50
2020-2021,19926,Altona,-37.8671476,144.8296447,126100,400,350,400,300,250,50,100,100,100,50
2020-2021,19927,Seaholme,-37.86784231,144.8409577,39900,100,100,100,100,50,50,50,50,50,50
2020-2021,19928,Westgarth,-37.7806207,144.9992332,108300,350,350,300,250,150,50,150,100,100,50
2020-2021,19929,Dennis,-37.77918729,145.0082416,118700,400,400,350,250,150,50,200,100,50,50
2020-2021,19930,Fairfield,-37.77917126,145.0169053,233400,700,750,700,500,400,50,300,200,150,50
2020-2021,19931,Alphington,-37.77839363,145.0312549,109600,350,350,300,200,150,50,150,100,100,50
2020-2021,19932,Darebin,-37.77496341,145.038476,53850,150,200,100,100,50,50,50,50,50,50
2020-2021,19933,Ivanhoe,-37.76889674,145.0454252,273050,900,950,750,500,350,50,350,200,300,50
2020-2021,19934,Eaglemont,-37.76358553,145.0539427,50550,150,150,150,100,100,50,100,50,50,50
2020-2021,19935,Heidelberg,-37.75707293,145.0606855,343900,1150,1200,950,600,450,50,250,250,550,50
2020-2021,19936,Rosanna,-37.7428786,145.0661403,239200,750,800,700,450,350,100,350,150,100,50
2020-2021,19937,Moorabbin,-37.93435329,145.0367383,300700,900,900,950,750,550,50,200,250,300,50
2020-2021,19938,Patterson,-37.92514919,145.03547,127150,400,450,300,250,150,50,150,100,150,50
2020-2021,19939,Bentleigh,-37.91742457,145.0369951,299650,900,900,900,700,550,50,300,300,250,50
2020-2021,19940,Mckinnon,-37.91030903,145.038299,173200,550,550,500,350,300,50,200,150,150,50
2020-2021,19941,Ormond,-37.90321167,145.0396134,265150,800,850,750,600,450,50,300,200,200,50
2020-2021,19942,Glenhuntly,-37.88971946,145.0422229,335400,1000,1000,1000,800,600,50,350,300,250,50
2020-2021,19943,Caulfield,-37.87745946,145.0425248,1370650,3950,4050,3700,3800,2750,150,900,1100,1450,450
2020-2021,19944,Malvern,-37.8662533,145.0292939,340300,1050,1100,1000,700,550,50,250,250,450,100
2020-2021,19945,Armadale,-37.85645238,145.0193255,227300,750,750,650,450,300,50,250,200,250,50
2020-2021,19946,Toorak,-37.85077381,145.0139086,196650,650,700,500,350,250,50,200,150,250,50
2020-2021,19947,Hawksburn,-37.84459087,145.0021421,201400,600,600,600,450,300,50,200,150,200,50
2020-2021,19948,Sandringham,-37.95033018,145.0045614,350400,1050,1050,1000,900,650,50,400,250,250,50
2020-2021,19949,Hampton,-37.93797681,145.0014706,229200,700,700,650,550,400,50,250,200,150,50
2020-2021,19950,Brighton Beach,-37.92648432,144.9891536,140150,400,400,400,400,300,50,150,100,100,50
2020-2021,19951,Middle Brighton,-37.91513441,144.9962991,243050,750,750,700,550,400,50,200,200,250,50
2020-2021,19952,North Brighton,-37.90488721,145.002605,246150,750,750,700,600,400,50,250,200,200,50
2020-2021,19953,Gardenvale,-37.89669508,145.0041684,185050,600,600,500,400,250,50,200,150,200,50
2020-2021,19954,Elsternwick,-37.88475311,145.0008979,385100,1200,1200,1150,900,650,50,400,300,300,100
2020-2021,19955,Ripponlea,-37.87590643,144.9952366,244200,800,800,700,500,350,50,300,200,200,50
2020-2021,19956,Balaclava,-37.86948773,144.9935121,416700,1300,1300,1350,900,650,100,450,350,350,100
2020-2021,19957,Windsor,-37.85605308,144.9920352,334200,1050,1100,950,700,450,50,300,250,400,100
2020-2021,19958,Prahran,-37.84951848,144.9898599,473550,1550,1550,1500,950,600,50,300,350,700,150
2020-2021,19959,South Yarra,-37.83844935,144.9923422,1669900,5300,5500,4600,3500,2400,150,1050,1350,2400,500
2020-2021,19960,Upfield,-37.66607779,144.9467399,147300,500,400,750,250,200,50,100,100,150,50
2020-2021,19961,Gowrie,-37.700678,144.9588743,112050,350,350,400,250,150,50,100,100,50,50
2020-2021,19962,Fawkner,-37.71462129,144.960545,66600,200,200,250,150,100,50,100,50,50,50
2020-2021,19963,Merlynston,-37.72093389,144.9613135,126950,400,400,450,250,200,50,150,100,50,50
2020-2021,19964,Batman,-37.73352285,144.9628406,116250,350,350,400,250,150,50,150,100,100,50
2020-2021,19965,Coburg,-37.74234502,144.9633363,145500,450,400,600,350,200,50,150,100,100,50
2020-2021,19966,Moreland,-37.75448484,144.961823,91250,300,300,300,200,150,50,100,50,100,50
2020-2021,19967,Anstey,-37.76124203,144.960684,159900,500,500,500,400,250,50,200,150,100,50
2020-2021,19968,Brunswick,-37.76772055,144.9595865,155350,500,500,500,350,250,50,100,150,200,50
2020-2021,19969,Jewell,-37.77498702,144.9587169,135400,400,400,400,300,200,50,100,100,150,50
2020-2021,19970,Royal Park,-37.78119293,144.9523013,117850,350,350,500,250,200,50,50,100,150,50
2020-2021,19971,Flemington Bridge,-37.78813995,144.9393233,94250,300,300,300,200,150,50,50,100,100,50
2020-2021,19972,Macaulay,-37.79426673,144.9361663,101750,350,350,300,200,150,50,50,100,150,50
2020-2021,19974,Clifton Hill,-37.78865745,144.9954167,347000,1000,1050,950,900,700,50,350,250,300,100
2020-2021,19975,Victoria Park,-37.79915782,144.9944514,277400,850,850,800,700,450,50,200,200,350,100
2020-2021,19976,Collingwood,-37.80452593,144.9937497,221100,750,750,650,400,250,50,100,150,400,50
2020-2021,19977,North Richmond,-37.81039836,144.9925003,339950,1050,1050,1100,750,550,50,150,250,500,100
2020-2021,19978,West Richmond,-37.81494896,144.9914228,265250,900,900,850,450,300,50,150,200,450,100
2020-2021,19983,Macleod,-37.7260123,145.0691433,204450,650,700,550,400,300,50,300,150,150,50
2020-2021,19984,Watsonia,-37.71095798,145.0837934,242150,800,800,650,450,300,150,400,150,150,50
2020-2021,19985,Greensborough,-37.70395408,145.1082474,254900,800,800,800,500,350,100,300,200,150,50
2020-2021,19986,Montmorency,-37.71529624,145.1215157,103450,350,350,300,200,150,50,150,50,50,50
2020-2021,19987,Eltham,-37.71354967,145.147822,206900,650,700,550,400,250,100,250,150,200,50
2020-2021,19988,Diamond Creek,-37.67329744,145.1585062,72850,250,250,200,150,100,50,100,50,50,50
2020-2021,19989,Wattle Glen,-37.66396792,145.1816145,16600,50,50,50,50,50,50,50,50,50,50
2020-2021,19990,Hurstbridge,-37.63939817,145.1920169,50350,150,150,100,100,50,50,100,50,50,50
2020-2021,19991,Williamstown,-37.86775292,144.9053233,64100,200,200,200,150,100,50,50,50,50,50
2020-2021,19992,Williamstown Beach,-37.86398189,144.8944837,78150,250,250,250,150,100,50,100,50,50,50
2020-2021,19993,North Williamstown,-37.85733348,144.8890695,125500,400,450,400,200,150,50,150,100,100,50
2020-2021,19994,Newport,-37.84271757,144.8835999,497600,1600,1600,1450,1000,700,100,650,350,400,100
2020-2021,19995,Spotswood,-37.83063888,144.8859335,122500,400,350,400,300,200,50,150,100,100,50
2020-2021,19996,Yarraville,-37.81585044,144.8899337,368300,1150,1150,1150,800,550,50,500,300,250,100
2020-2021,19997,Seddon,-37.80900514,144.8956716,168900,550,550,500,350,250,50,250,150,100,50
2020-2021,15351,Sunbury,-37.57909097,144.7273188,301950,950,950,1000,650,450,200,300,200,200,50
2020-2021,15353,Diggers Rest,-37.62701651,144.7199224,59350,200,200,200,100,50,50,100,50,50,50
2020-2021,20000,Watergardens,-37.70112872,144.7741805,528500,1750,1700,1800,950,700,250,700,400,300,50
2020-2021,20001,Keilor Plains,-37.72927934,144.7937381,262450,850,850,900,450,350,150,350,200,100,50
2020-2021,20002,St Albans,-37.74486131,144.8000505,500200,1600,1600,1600,1000,800,200,500,500,350,50
2020-2021,20003,Ginifer,-37.75751083,144.8095734,320700,1050,1050,1050,600,450,100,350,300,250,50
2020-2021,20004,Albion,-37.77765281,144.8247036,204500,650,650,700,350,250,100,300,150,100,50
2020-2021,20005,Epping,-37.65238715,145.0301217,417650,1350,1400,1200,750,550,200,400,350,400,50
2020-2021,20006,Lalor,-37.66585075,145.0171932,243550,800,800,750,450,350,150,300,200,150,50
2020-2021,20007,Thomastown,-37.68033809,145.0142789,343750,1100,1100,1050,700,550,150,400,300,200,50
2020-2021,20008,Keon Park,-37.69487012,145.0118838,178750,600,600,550,350,200,50,150,150,200,50
2020-2021,20009,Ruthven,-37.70789754,145.0095166,162400,500,500,500,350,250,100,250,100,100,50
2020-2021,20010,Reservoir,-37.71688492,145.0069958,349200,1100,1150,1050,700,500,100,350,300,300,50
2020-2021,20011,Regent,-37.72840277,145.0027726,170900,550,550,550,350,250,50,250,100,100,50
2020-2021,20012,Preston,-37.73867424,145.000522,317300,950,950,950,800,500,50,250,300,300,50
2020-2021,20013,Bell,-37.74556212,145.000155,170000,550,550,550,350,200,50,150,150,200,50
2020-2021,20014,Thornbury,-37.75505179,144.9985715,190250,600,600,600,400,250,50,250,150,150,50
2020-2021,20015,Croxton,-37.764101,144.9970562,115250,350,350,350,250,200,50,150,100,50,50
2020-2021,20016,Northcote,-37.76986537,144.9952772,151500,500,500,450,300,200,50,150,100,200,50
2020-2021,20017,Merri,-37.77784668,144.9929725,70400,200,250,200,150,100,50,100,50,50,50
2020-2021,20019,Rushall,-37.78321711,144.9924071,69400,200,250,200,150,100,50,50,50,50,50
2020-2021,20021,Sunshine,-37.78853633,144.8328782,896350,2900,2950,2700,1700,1200,250,800,850,900,150
2020-2021,20022,Tottenham,-37.7992509,144.8629449,190650,600,600,650,350,250,50,200,150,150,50
2020-2021,20023,West Footscray,-37.8018087,144.8853248,213500,700,700,700,350,250,50,300,150,150,50
2020-2021,20024,Middle Footscray,-37.8025047,144.8914721,81800,250,250,250,200,150,50,100,50,50,50
2020-2021,20025,Footscray,-37.80108298,144.9031992,2056000,6550,6550,6450,4300,2900,350,1650,1900,2250,450
2020-2021,20026,South Kensington,-37.79953087,144.925469,127950,400,400,400,250,200,50,150,100,100,50
2020-2021,20027,Flemington Racecourse,-37.78720192,144.9075887,25350,50,50,300,150,50,50,50,50,50,50
2020-2021,20028,Showgrounds,-37.7835,144.915,4150,50,50,50,50,50,50,50,50,50,50
2020-2021,20030,Broadmeadows,-37.68304926,144.9196132,395750,1250,1350,900,800,600,100,300,400,450,100
2020-2021,20031,Jacana,-37.69513079,144.9158505,129500,400,400,300,300,250,50,150,100,50,50
2020-2021,20032,Glenroy,-37.70453633,144.9172204,399100,1200,1300,850,900,700,150,400,400,300,50
2020-2021,20033,Oak Park,-37.71794973,144.9215188,218300,700,750,500,450,350,100,300,200,100,50
2020-2021,20034,Pascoe Vale,-37.73075596,144.9281956,239250,750,800,500,500,400,100,350,200,150,50
2020-2021,20035,Strathmore,-37.74359132,144.9273157,130750,400,450,250,250,150,50,200,100,100,50
2020-2021,20036,Glenbervie,-37.74720985,144.9209387,109700,350,400,250,200,150,50,200,100,50,50
2020-2021,20037,Essendon,-37.7560117,144.9161975,579150,1900,1950,1550,1050,750,200,750,400,550,100
2020-2021,20038,Moonee Ponds,-37.76570666,144.9191607,362450,1100,1200,900,850,600,50,400,350,300,100
2020-2021,20039,Ascot Vale,-37.77530609,144.9218207,202200,650,700,450,400,300,50,300,150,150,50
2020-2021,20040,Newmarket,-37.78732767,144.9289785,302600,950,950,950,600,400,50,350,250,250,50
2020-2021,20041,Kensington,-37.79378022,144.9305244,211900,650,700,600,450,300,50,250,200,150,50
2020-2021,20042,Box Hill,-37.81922165,145.1214289,1192700,3750,3800,3600,2450,1900,200,950,1100,1300,250
2020-2021,40220,Roxburgh Park,-37.63823121,144.9354037,240050,750,850,550,450,300,100,300,200,150,50
2020-2021,40221,Craigieburn,-37.6018169,144.9433203,560500,1750,1900,1250,1150,850,350,800,450,250,50
2020-2021,44817,Coolaroo,-37.66100253,144.9260556,105150,350,350,200,200,150,50,150,100,50,50
2020-2021,45793,Lynbrook,-38.05734118,145.2492751,174550,600,650,450,250,150,100,350,100,50,50
2020-2021,45794,Cardinia Road,-38.07129047,145.437791,193250,650,650,600,300,200,150,250,150,50,50
2020-2021,45795,South Morang,-37.6491588,145.0670324,291000,900,950,850,600,450,100,300,200,250,50
2020-2021,46468,Williams Landing,-37.86986533,144.7474447,411450,1400,1400,1450,600,400,200,700,300,150,50
2020-2021,52095,Southland,-37.958758,145.049124,277000,750,750,850,800,600,50,100,250,300,50
2020-2021,52159,Middle Gorge,-37.644062,145.09214,103900,350,400,200,150,100,50,100,50,150,50
2020-2021,52160,Hawkstowe,-37.622992,145.097396,70900,250,250,200,150,100,50,100,50,50,50
2020-2021,52161,Mernda,-37.602549,145.100883,327900,1100,1150,900,600,400,200,550,200,150,50
2020-2021,19841,Flagstaff,-37.81198131,144.9556538,1378000,5050,5200,4450,1200,800,100,350,900,3400,450
2020-2021,19842,Melbourne Central,-37.80993877,144.9625935,4206700,13550,13350,14150,7700,5800,100,550,3150,7450,2050
2020-2021,19843,Parliament,-37.81105406,144.9729109,2213650,7900,8150,7050,2350,1550,50,300,1600,5250,950
2020-2021,19854,Flinders Street,-37.81830513,144.9669643,8528000,25800,25500,27100,20050,15050,700,1800,5650,13100,4250
2020-2021,19908,Richmond,-37.82407446,144.9901643,1292650,3450,3600,3050,3500,3050,100,450,650,1550,850
2020-2021,19973,North Melbourne,-37.80630984,144.9415102,669700,1950,2000,1650,1950,1300,50,350,500,950,150
2020-2021,19979,Jolimont,-37.81652702,144.9840983,358650,850,900,700,1050,1100,50,50,150,400,250
2020-2021,22180,Southern Cross,-37.81793643,144.9514112,4556450,14550,14550,14550,8700,6550,250,1100,3050,8550,1550
2020-2021,19866,Cheltenham,-37.96664989,145.0545579,233800,750,750,700,500,350,50,300,150,200,50
2021-2022,19827,Stony Point,-38.37423454,145.2218375,3600,50,50,50,50,50,50,50,50,50,50
2021-2022,19828,Crib Point,-38.36612338,145.2040433,6700,50,50,50,50,50,50,50,50,50,50
2021-2022,19829,Morradoo,-38.35403334,145.1896025,2300,50,50,50,50,50,50,50,50,50,50
2021-2022,19830,Bittern,-38.33739032,145.1780265,4600,50,50,50,50,50,50,50,50,50,50
2021-2022,19831,Hastings,-38.30565853,145.1859799,8300,50,50,50,50,50,50,50,50,50,50
2021-2022,19832,Tyabb,-38.259815,145.1864007,2350,50,50,50,50,50,50,50,50,50,50
2021-2022,19833,Somerville,-38.22534196,145.1762449,4500,50,50,50,50,50,50,50,50,50,50
2021-2022,19834,Baxter,-38.19404306,145.1605261,1500,50,50,50,50,50,50,50,50,50,50
2021-2022,19835,Glen Iris,-37.85930842,145.0582249,148050,450,500,350,300,200,50,200,100,150,50
2021-2022,19836,Leawarra,-38.152034,145.139534,4150,50,50,50,50,50,50,50,50,50,50
2021-2022,19837,Darling,-37.86895684,145.0629508,135200,400,450,350,300,200,50,250,100,100,50
2021-2022,19838,East Malvern,-37.87693002,145.069393,176600,500,500,450,500,400,50,250,100,100,50
2021-2022,19839,Holmesglen,-37.87440222,145.090662,216150,650,700,550,550,400,50,250,150,200,50
2021-2022,19840,Jordanville,-37.87360339,145.1120902,191000,600,650,500,400,300,50,300,150,100,50
2021-2022,19844,Belgrave,-37.9091021,145.3552913,152800,450,500,400,350,250,50,150,100,150,50
2021-2022,19845,Tecoma,-37.90811849,145.3429946,32600,100,100,100,50,50,50,50,50,50,50
2021-2022,19846,Upwey,-37.90369097,145.3313334,69600,200,250,150,150,100,50,100,50,50,50
2021-2022,19847,Alamein,-37.86832039,145.0796557,54200,150,200,150,100,100,50,100,50,50,50
2021-2022,19848,Ashburton,-37.86196753,145.0813438,109450,350,400,300,200,150,50,200,100,50,50
2021-2022,19849,Burwood,-37.85156328,145.0805111,116850,400,400,300,200,150,50,250,100,50,50
2021-2022,19850,Hartwell,-37.84398457,145.0755596,75500,250,250,200,150,100,50,150,50,50,50
2021-2022,19851,Willison,-37.83571565,145.0702976,35750,100,150,100,50,50,50,50,50,50,50
2021-2022,19852,Riversdale,-37.83150543,145.069646,85550,300,350,150,100,50,50,150,50,150,50
2021-2022,19853,Camberwell,-37.82656714,145.0586972,789300,2400,2550,2050,1750,1500,100,700,600,1000,200
2021-2022,19855,Frankston,-38.14299007,145.1261623,692750,2050,2000,2200,1750,1300,300,550,600,450,100
2021-2022,19856,Kananook,-38.12174203,145.1352953,93400,300,300,300,150,100,50,100,100,50,50
2021-2022,19857,Seaford,-38.10402104,145.1282304,162550,500,500,500,350,250,100,200,100,50,50
2021-2022,19858,Carrum,-38.07489292,145.1224183,182150,550,550,500,400,300,100,250,150,100,50
2021-2022,19859,Bonbeach,-38.06294478,145.1196804,67050,200,200,200,150,100,50,100,50,50,50
2021-2022,19860,Chelsea,-38.05195538,145.1160413,161650,500,500,500,400,250,50,200,150,100,50
2021-2022,19861,Edithvale,-38.03805602,145.1085355,101050,300,300,300,250,150,50,150,50,50,50
2021-2022,19862,Aspendale,-38.02722019,145.1021496,88300,300,300,250,200,150,50,150,50,50,50
2021-2022,19863,Mordialloc,-38.00658295,145.0876594,284900,900,900,750,650,450,100,400,200,200,50
2021-2022,19864,Parkdale,-37.99307882,145.0763268,179650,550,600,500,400,250,50,200,150,150,50
2021-2022,19865,Mentone,-37.9818654,145.0651659,424350,1400,1550,950,750,500,50,350,350,700,50
2021-2022,19866,Cheltenham,-37.96664989,145.0545579,319800,1000,1050,900,650,450,100,450,250,250,50
2021-2022,19867,Upper Ferntree Gully,-37.8926717,145.3075302,103250,300,350,300,200,150,50,150,50,50,50
2021-2022,19868,Ferntree Gully,-37.88169799,145.2952513,188800,600,650,550,350,250,100,300,150,100,50
2021-2022,19869,Boronia,-37.8604518,145.2843851,269450,850,900,750,500,350,100,400,200,150,50
2021-2022,19870,Bayswater,-37.84173004,145.2681364,263750,850,900,750,500,350,100,350,200,200,50
2021-2022,19871,Heathmont,-37.82832227,145.2445554,105300,350,350,250,200,150,50,150,50,100,50
2021-2022,19872,Highett,-37.948425,145.0418718,212700,650,700,600,500,300,50,300,150,150,50
2021-2022,19873,Glen Waverley,-37.87950407,145.1620575,705400,2100,2150,1900,1800,1350,150,850,500,450,150
2021-2022,19874,Syndal,-37.87622963,145.1497805,333650,1050,1100,900,700,500,100,550,200,200,50
2021-2022,19875,Mount Waverley,-37.87525526,145.1280557,338200,1050,1150,800,750,550,50,450,250,350,50
2021-2022,19876,Lilydale,-37.75551777,145.3477102,236150,700,700,700,550,400,100,250,200,150,50
2021-2022,19877,Mooroolbark,-37.78474883,145.3124024,213050,650,650,650,450,300,100,300,150,100,50
2021-2022,19878,Croydon,-37.79543697,145.2805978,327150,1050,1100,950,650,400,150,500,250,200,50
2021-2022,19879,Ringwood East,-37.81196804,145.2501909,133050,450,450,350,200,150,50,200,100,100,50
2021-2022,19880,Pakenham,-38.08061397,145.4863791,270350,850,900,700,550,400,200,250,250,200,50
2021-2022,19881,Officer,-38.06614572,145.4109872,64850,250,250,150,100,50,50,100,50,50,50
2021-2022,19882,Beaconsfield,-38.05083135,145.3660737,119350,400,450,250,150,100,100,200,100,100,50
2021-2022,19883,Berwick,-38.04040829,145.3457261,325600,1100,1200,750,500,350,200,400,300,300,50
2021-2022,19884,Narre Warren,-38.02780932,145.3039694,318150,1050,1100,850,550,400,200,400,250,200,50
2021-2022,19885,Hallam,-38.01774038,145.2697768,118900,400,400,350,150,150,50,150,100,100,50
2021-2022,19886,Cranbourne,-38.09953731,145.280599,462300,1500,1600,1150,850,600,400,600,350,200,50
2021-2022,19887,Merinda Park,-38.07900048,145.2635114,183900,600,650,400,300,200,150,300,150,50,50
2021-2022,19888,Dandenong,-37.98996792,145.2097254,1234650,3950,4200,3050,2450,1850,300,950,1050,1600,250
2021-2022,19889,Yarraman,-37.97825454,145.1916003,140000,450,500,350,250,200,50,150,150,100,50
2021-2022,19890,Noble Park,-37.96723193,145.1769357,556700,1750,1900,1350,1100,850,250,600,500,500,100
2021-2022,19891,Sandown Park,-37.95650457,145.1628259,189600,600,650,450,350,300,50,300,150,100,50
2021-2022,19892,East Camberwell,-37.82589419,145.0681902,104900,350,400,200,150,100,50,100,100,200,50
2021-2022,19893,Canterbury,-37.82448518,145.0812242,145650,450,500,350,300,250,50,200,100,150,50
2021-2022,19894,Chatham,-37.82429952,145.0886479,95650,300,300,250,200,150,50,150,50,100,50
2021-2022,19895,Surrey Hills,-37.82414805,145.0987747,241750,800,800,700,500,350,50,400,150,150,50
2021-2022,19896,Mont Albert,-37.81942655,145.1055304,98450,300,300,250,250,150,50,150,100,50,50
2021-2022,19897,Laburnum,-37.82078023,145.1407027,167650,550,600,400,350,250,50,250,150,150,50
2021-2022,19898,Blackburn,-37.82007075,145.1500135,607450,1950,2050,1550,1200,900,150,850,450,550,100
2021-2022,19899,Nunawading,-37.82060317,145.1748917,421250,1350,1400,1150,850,600,100,550,300,350,50
2021-2022,19900,Mitcham,-37.81800987,145.1919735,511650,1650,1750,1400,1000,700,150,800,350,350,50
2021-2022,19901,Heatherdale,-37.81889537,145.2127872,224400,750,800,600,350,250,100,450,100,100,50
2021-2022,19902,Ringwood,-37.81588648,145.2289685,1080200,3200,3250,3050,2900,2050,200,850,850,1100,200
2021-2022,19903,Auburn,-37.82239831,145.0458437,331450,1050,1100,850,750,550,50,400,250,300,50
2021-2022,19904,Glenferrie,-37.82146682,145.0364388,1068450,3600,3950,2450,1650,1200,50,550,1150,1850,350
2021-2022,19905,Hawthorn,-37.82182601,145.0228987,285900,950,1000,700,550,400,50,300,200,400,50
2021-2022,19906,Burnley,-37.82756022,145.0075551,455750,1250,1200,1400,1700,1050,50,350,250,450,100
2021-2022,19907,East Richmond,-37.82639995,144.9970657,251800,850,900,700,400,250,50,150,150,550,50
2021-2022,19909,Heyington,-37.83467244,145.0226353,120750,450,500,150,100,100,50,100,100,300,50
2021-2022,19910,Kooyong,-37.83992894,145.0335516,132800,400,450,300,250,200,50,150,100,200,50
2021-2022,19911,Tooronga,-37.84936553,145.0417337,228050,750,750,600,450,350,50,300,150,250,50
2021-2022,19912,Gardiner,-37.85327908,145.0516547,198550,600,600,500,500,400,50,250,100,150,50
2021-2022,19913,Springvale,-37.94950878,145.1534518,750700,2300,2400,1850,1700,1300,200,600,700,750,150
2021-2022,19914,Westall,-37.93849121,145.1388326,474400,1500,1500,1650,950,750,150,450,350,450,100
2021-2022,19915,Clayton,-37.92468255,145.1205344,853500,2700,2750,2500,1800,1300,200,700,700,900,200
2021-2022,19916,Huntingdale,-37.91101734,145.1023643,666850,2350,2600,1550,750,500,100,550,600,1150,200
2021-2022,19917,Oakleigh,-37.90037214,145.0883079,836350,2650,2750,2300,1750,1250,150,650,700,1050,200
2021-2022,19918,Hughesdale,-37.89488129,145.0776351,276350,850,900,750,600,400,50,350,200,250,50
2021-2022,19919,Murrumbeena,-37.89019832,145.0673749,351600,1150,1200,950,700,500,100,500,250,250,50
2021-2022,19920,Carnegie,-37.88624148,145.0585751,510850,1600,1650,1400,1150,800,100,650,400,400,100
2021-2022,19921,Werribee,-37.89937805,144.661118,532750,1700,1800,1500,1050,750,350,700,450,250,50
2021-2022,19922,Hoppers Crossing,-37.88327618,144.7009549,436400,1450,1550,1200,750,550,250,550,350,350,50
2021-2022,19923,Laverton,-37.86369404,144.7726167,552750,1800,1900,1550,950,700,250,800,450,350,50
2021-2022,19924,Aircraft,-37.86660595,144.7608094,73150,250,250,200,150,100,50,100,50,50,50
2021-2022,19925,Westona,-37.86516348,144.8134936,137950,450,500,300,250,150,50,150,100,200,50
2021-2022,19926,Altona,-37.8671476,144.8296447,144800,450,450,400,400,300,50,150,150,100,50
2021-2022,19927,Seaholme,-37.86784231,144.8409577,49550,150,150,150,150,100,50,50,50,50,50
2021-2022,19928,Westgarth,-37.7806207,144.9992332,124700,400,400,300,300,200,50,200,100,100,50
2021-2022,19929,Dennis,-37.77918729,145.0082416,140800,450,500,350,300,200,50,250,100,100,50
2021-2022,19930,Fairfield,-37.77917126,145.0169053,262300,800,850,650,600,450,50,350,200,200,50
2021-2022,19931,Alphington,-37.77839363,145.0312549,129950,400,450,300,300,200,50,200,100,100,50
2021-2022,19932,Darebin,-37.77496341,145.038476,60500,200,200,100,100,100,50,50,50,100,50
2021-2022,19933,Ivanhoe,-37.76889674,145.0454252,319750,1050,1100,800,650,450,50,450,200,300,50
2021-2022,19934,Eaglemont,-37.76358553,145.0539427,58550,200,200,150,150,100,50,100,50,50,50
2021-2022,19935,Heidelberg,-37.75707293,145.0606855,384400,1250,1350,950,700,500,50,300,300,650,100
2021-2022,19936,Rosanna,-37.7428786,145.0661403,293550,950,1000,750,600,400,100,500,200,150,50
2021-2022,19937,Moorabbin,-37.93435329,145.0367383,322300,950,1000,800,850,650,50,250,250,350,50
2021-2022,19938,Patterson,-37.92514919,145.03547,144800,450,500,350,300,200,50,200,100,150,50
2021-2022,19939,Bentleigh,-37.91742457,145.0369951,344350,1050,1050,950,900,650,50,350,300,250,50
2021-2022,19940,Mckinnon,-37.91030903,145.038299,196050,600,600,500,450,350,50,250,150,150,50
2021-2022,19941,Ormond,-37.90321167,145.0396134,288800,900,950,750,700,450,50,350,250,250,50
2021-2022,19942,Glenhuntly,-37.88971946,145.0422229,342700,1050,1050,900,850,600,50,350,300,250,50
2021-2022,19943,Caulfield,-37.87745946,145.0425248,1874050,5500,5700,4600,5400,3700,200,1350,1450,2050,650
2021-2022,19944,Malvern,-37.8662533,145.0292939,371100,1200,1250,950,750,550,50,300,300,500,100
2021-2022,19945,Armadale,-37.85645238,145.0193255,244650,800,850,600,500,350,50,250,200,300,50
2021-2022,19946,Toorak,-37.85077381,145.0139086,224850,750,800,500,450,300,50,250,200,300,50
2021-2022,19947,Hawksburn,-37.84459087,145.0021421,231600,750,750,600,550,350,50,300,200,200,50
2021-2022,19948,Sandringham,-37.95033018,145.0045614,423250,1200,1250,1150,1200,900,100,500,300,300,50
2021-2022,19949,Hampton,-37.93797681,145.0014706,269050,800,850,750,700,500,50,350,200,200,50
2021-2022,19950,Brighton Beach,-37.92648432,144.9891536,186400,500,500,500,550,450,50,200,150,100,50
2021-2022,19951,Middle Brighton,-37.91513441,144.9962991,292700,900,900,800,750,550,50,250,250,300,50
2021-2022,19952,North Brighton,-37.90488721,145.002605,291000,900,900,800,700,500,50,350,250,250,50
2021-2022,19953,Gardenvale,-37.89669508,145.0041684,217150,650,700,550,500,350,50,250,150,200,50
2021-2022,19954,Elsternwick,-37.88475311,145.0008979,438400,1350,1400,1250,1050,750,50,550,300,350,100
2021-2022,19955,Ripponlea,-37.87590643,144.9952366,276600,850,900,750,600,450,50,400,200,250,50
2021-2022,19956,Balaclava,-37.86948773,144.9935121,468900,1450,1450,1350,1100,800,100,550,350,400,100
2021-2022,19957,Windsor,-37.85605308,144.9920352,375950,1150,1200,1000,900,550,50,350,250,450,150
2021-2022,19958,Prahran,-37.84951848,144.9898599,571600,1800,1900,1600,1300,800,50,400,400,850,150
2021-2022,19959,South Yarra,-37.83844935,144.9923422,1997050,6350,6700,5050,4300,3000,200,1400,1600,2850,600
2021-2022,19960,Upfield,-37.66607779,144.9467399,185850,600,650,500,350,250,50,150,150,200,50
2021-2022,19961,Gowrie,-37.700678,144.9588743,153350,500,500,450,350,250,50,200,100,100,50
2021-2022,19962,Fawkner,-37.71462129,144.960545,86400,250,300,250,200,150,50,100,50,50,50
2021-2022,19963,Merlynston,-37.72093389,144.9613135,154400,500,500,450,350,250,50,250,100,100,50
2021-2022,19964,Batman,-37.73352285,144.9628406,142200,450,450,400,300,250,50,150,100,100,50
2021-2022,19965,Coburg,-37.74234502,144.9633363,272750,850,850,750,700,450,50,300,250,200,50
2021-2022,19966,Moreland,-37.75448484,144.961823,266400,800,850,650,700,450,50,250,200,250,50
2021-2022,19967,Anstey,-37.76124203,144.960684,187400,550,600,500,500,300,50,250,150,150,50
2021-2022,19968,Brunswick,-37.76772055,144.9595865,167400,500,500,450,450,300,50,150,100,200,50
2021-2022,19969,Jewell,-37.77498702,144.9587169,178100,550,550,450,450,300,50,150,150,200,50
2021-2022,19970,Royal Park,-37.78119293,144.9523013,156050,450,450,550,350,300,50,50,150,200,50
2021-2022,19971,Flemington Bridge,-37.78813995,144.9393233,123200,400,400,350,300,200,50,100,100,100,50
2021-2022,19972,Macaulay,-37.79426673,144.9361663,126350,400,400,350,250,200,50,50,100,200,50
2021-2022,19974,Clifton Hill,-37.78865745,144.9954167,454200,1300,1350,1100,1350,950,50,500,300,400,100
2021-2022,19975,Victoria Park,-37.79915782,144.9944514,317800,950,1000,800,800,550,50,250,200,450,100
2021-2022,19976,Collingwood,-37.80452593,144.9937497,248400,800,850,650,500,300,50,150,150,450,50
2021-2022,19977,North Richmond,-37.81039836,144.9925003,351250,1100,1150,950,800,550,50,200,250,550,100
2021-2022,19978,West Richmond,-37.81494896,144.9914228,271450,900,950,750,500,300,50,150,200,500,100
2021-2022,19983,Macleod,-37.7260123,145.0691433,239150,800,850,550,500,350,100,350,200,200,50
2021-2022,19984,Watsonia,-37.71095798,145.0837934,303800,950,1050,750,650,450,150,500,200,150,50
2021-2022,19985,Greensborough,-37.70395408,145.1082474,266050,850,850,700,600,400,100,350,200,200,50
2021-2022,19986,Montmorency,-37.71529624,145.1215157,117950,400,400,300,250,150,50,200,100,50,50
2021-2022,19987,Eltham,-37.71354967,145.147822,250100,800,850,600,550,350,100,350,150,200,50
2021-2022,19988,Diamond Creek,-37.67329744,145.1585062,83600,250,300,200,200,150,50,150,50,50,50
2021-2022,19989,Wattle Glen,-37.66396792,145.1816145,17550,50,50,50,50,50,50,50,50,50,50
2021-2022,19990,Hurstbridge,-37.63939817,145.1920169,57050,200,200,150,150,100,50,100,50,50,50
2021-2022,19991,Williamstown,-37.86775292,144.9053233,60150,150,150,200,200,100,50,50,50,50,50
2021-2022,19992,Williamstown Beach,-37.86398189,144.8944837,69250,200,200,200,150,100,50,50,50,50,50
2021-2022,19993,North Williamstown,-37.85733348,144.8890695,98800,300,300,300,200,150,50,150,100,100,50
2021-2022,19994,Newport,-37.84271757,144.8835999,721500,2300,2400,1850,1550,1050,150,1100,500,550,150
2021-2022,19995,Spotswood,-37.83063888,144.8859335,170900,500,500,450,500,350,50,200,100,150,50
2021-2022,19996,Yarraville,-37.81585044,144.8899337,442450,1350,1400,1200,1000,750,100,650,300,300,100
2021-2022,19997,Seddon,-37.80900514,144.8956716,203150,650,650,550,450,300,50,300,150,150,50
2021-2022,15351,Sunbury,-37.57909097,144.7273188,362700,1150,1150,1000,750,550,250,400,250,200,50
2021-2022,15353,Diggers Rest,-37.62701651,144.7199224,65200,200,250,150,100,50,50,100,50,50,50
2021-2022,20000,Watergardens,-37.70112872,144.7741805,587400,1900,2000,1550,1100,850,300,850,450,300,50
2021-2022,20001,Keilor Plains,-37.72927934,144.7937381,277900,900,950,750,500,350,150,450,200,100,50
2021-2022,20002,St Albans,-37.74486131,144.8000505,610250,1900,1950,1700,1250,1000,250,650,600,400,50
2021-2022,20003,Ginifer,-37.75751083,144.8095734,345200,1100,1150,950,650,500,100,450,300,250,50
2021-2022,20004,Albion,-37.77765281,144.8247036,203100,650,700,550,350,250,100,300,150,100,50
2021-2022,20005,Epping,-37.65238715,145.0301217,434500,1400,1500,1100,800,600,200,450,350,450,50
2021-2022,20006,Lalor,-37.66585075,145.0171932,241700,800,800,700,450,300,150,350,200,100,50
2021-2022,20007,Thomastown,-37.68033809,145.0142789,391050,1200,1250,1150,850,600,150,500,300,250,50
2021-2022,20008,Keon Park,-37.69487012,145.0118838,174750,600,600,500,300,200,50,150,150,200,50
2021-2022,20009,Ruthven,-37.70789754,145.0095166,157350,500,500,450,350,250,100,250,100,50,50
2021-2022,20010,Reservoir,-37.71688492,145.0069958,473200,1500,1550,1300,1050,700,150,500,400,450,100
2021-2022,20011,Regent,-37.72840277,145.0027726,176100,550,600,500,350,250,50,300,100,100,50
2021-2022,20012,Preston,-37.73867424,145.000522,238850,750,750,650,600,400,50,200,200,250,50
2021-2022,20013,Bell,-37.74556212,145.000155,132450,450,450,400,250,200,50,150,100,150,50
2021-2022,20014,Thornbury,-37.75505179,144.9985715,205700,650,650,550,450,300,50,300,150,150,50
2021-2022,20015,Croxton,-37.764101,144.9970562,121300,350,400,350,300,200,50,200,100,50,50
2021-2022,20016,Northcote,-37.76986537,144.9952772,150400,500,500,400,300,250,50,150,100,200,50
2021-2022,20017,Merri,-37.77784668,144.9929725,72550,250,250,200,150,100,50,100,50,100,50
2021-2022,20019,Rushall,-37.78321711,144.9924071,69100,200,200,200,150,150,50,50,50,50,50
2021-2022,20021,Sunshine,-37.78853633,144.8328782,1235800,3950,4000,3700,2550,1850,300,1200,1050,1200,200
2021-2022,20022,Tottenham,-37.7992509,144.8629449,232450,750,800,700,450,300,50,300,200,200,50
2021-2022,20023,West Footscray,-37.8018087,144.8853248,283750,950,950,800,500,350,100,500,200,200,50
2021-2022,20024,Middle Footscray,-37.8025047,144.8914721,103450,350,350,300,250,150,50,150,100,50,50
2021-2022,20025,Footscray,-37.80108298,144.9031992,2783000,8800,9050,7900,6050,4150,450,2400,2450,3150,600
2021-2022,20026,South Kensington,-37.79953087,144.925469,159950,500,500,450,350,250,50,200,150,150,50
2021-2022,20027,Flemington Racecourse,-37.78720192,144.9075887,36550,50,50,50,400,150,50,50,50,50,50
2021-2022,20030,Broadmeadows,-37.68304926,144.9196132,447650,1400,1450,1300,950,700,100,300,400,500,100
2021-2022,20031,Jacana,-37.69513079,144.9158505,133250,400,400,400,300,250,50,150,100,50,50
2021-2022,20032,Glenroy,-37.70453633,144.9172204,317000,950,900,1100,750,600,100,250,250,200,50
2021-2022,20033,Oak Park,-37.71794973,144.9215188,237100,750,750,700,550,400,100,350,150,100,50
2021-2022,20034,Pascoe Vale,-37.73075596,144.9281956,256800,800,800,750,600,400,100,350,200,150,50
2021-2022,20035,Strathmore,-37.74359132,144.9273157,151600,500,500,400,300,200,50,250,100,100,50
2021-2022,20036,Glenbervie,-37.74720985,144.9209387,131350,400,400,400,300,200,50,200,100,50,50
2021-2022,20037,Essendon,-37.7560117,144.9161975,723050,2300,2400,1850,1600,1050,200,1000,500,650,100
2021-2022,20038,Moonee Ponds,-37.76570666,144.9191607,436200,1300,1350,1250,1100,750,100,500,350,350,100
2021-2022,20039,Ascot Vale,-37.77530609,144.9218207,241200,750,800,650,550,350,50,400,150,150,50
2021-2022,20040,Newmarket,-37.78732767,144.9289785,339600,1050,1100,900,800,550,50,400,300,250,50
2021-2022,20041,Kensington,-37.79378022,144.9305244,242300,750,800,650,550,400,50,300,200,200,50
2021-2022,20042,Box Hill,-37.81922165,145.1214289,1387500,4400,4550,3850,2850,2100,250,1250,1250,1600,300
2021-2022,40220,Roxburgh Park,-37.63823121,144.9354037,280200,900,900,800,550,400,100,400,200,150,50
2021-2022,40221,Craigieburn,-37.6018169,144.9433203,696300,2200,2250,1950,1550,1100,450,1000,500,250,50
2021-2022,44817,Coolaroo,-37.66100253,144.9260556,114400,350,350,350,250,200,50,150,100,50,50
2021-2022,45793,Lynbrook,-38.05734118,145.2492751,203150,700,750,450,300,200,150,400,150,100,50
2021-2022,45794,Cardinia Road,-38.07129047,145.437791,194800,650,700,500,300,200,150,300,150,100,50
2021-2022,45795,South Morang,-37.6491588,145.0670324,347300,1050,1100,1000,800,550,150,400,250,250,50
2021-2022,46468,Williams Landing,-37.86986533,144.7474447,633400,2150,2250,1850,1000,700,300,1150,450,250,50
2021-2022,52095,Southland,-37.958758,145.049124,298200,850,800,1000,850,650,50,100,250,350,50
2021-2022,52159,Middle Gorge,-37.644062,145.09214,115350,400,450,200,150,100,50,150,50,200,50
2021-2022,52160,Hawkstowe,-37.622992,145.097396,87950,300,300,250,150,100,50,150,50,50,50
2021-2022,52161,Mernda,-37.602549,145.100883,447850,1400,1500,1200,900,650,250,750,300,150,50
2021-2022,19841,Flagstaff,-37.81198131,144.9556538,1681700,6100,6450,4900,1650,1100,100,400,1100,4300,550
2021-2022,19842,Melbourne Central,-37.80993877,144.9625935,5491300,17600,18050,16050,10850,7900,200,850,4150,9900,2900
2021-2022,19843,Parliament,-37.81105406,144.9729109,2911250,10300,10800,8400,3750,2300,100,450,2000,7000,1300
2021-2022,19854,Flinders Street,-37.81830513,144.9669643,11392850,33600,33900,32500,29900,21550,900,2300,7050,17650,6000
2021-2022,19908,Richmond,-37.82407446,144.9901643,1966800,4650,4750,4300,7350,5750,100,550,700,2100,1250
2021-2022,19973,North Melbourne,-37.80630984,144.9415102,703500,2150,2250,1850,1750,1250,50,350,500,1100,200
2021-2022,19979,Jolimont,-37.81652702,144.9840983,473600,950,1050,800,1950,1650,50,100,150,450,300
2021-2022,22180,Southern Cross,-37.81793643,144.9514112,6187150,19350,19900,17350,12800,10250,350,1500,3850,11650,2550
2021-2022,20028,Showgrounds,-37.7835,144.915,8350,50,50,50,100,50,50,50,50,50,50
2022-2023,19827,Stony Point,-38.37423454,145.2218375,5500,50,50,50,50,50,50,50,50,50,50
2022-2023,19828,Crib Point,-38.36612338,145.2040433,9450,50,50,50,50,50,50,50,50,50,50
2022-2023,19829,Morradoo,-38.35403334,145.1896025,3750,50,50,50,50,50,50,50,50,50,50
2022-2023,19830,Bittern,-38.33739032,145.1780265,7050,50,50,50,50,50,50,50,50,50,50
2022-2023,19831,Hastings,-38.30565853,145.1859799,13350,50,50,50,50,50,50,50,50,50,50
2022-2023,19832,Tyabb,-38.259815,145.1864007,3400,50,50,50,50,50,50,50,50,50,50
2022-2023,19833,Somerville,-38.22534196,145.1762449,7250,50,50,50,50,50,50,50,50,50,50
2022-2023,19834,Baxter,-38.19404306,145.1605261,2150,50,50,50,50,50,50,50,50,50,50
2022-2023,19835,Glen Iris,-37.85930842,145.0582249,247850,800,850,600,500,400,50,350,150,250,50
2022-2023,19836,Leawarra,-38.152034,145.139534,5550,50,50,50,50,50,50,50,50,50,50
2022-2023,19837,Darling,-37.86895684,145.0629508,245850,750,800,700,550,450,50,450,150,150,50
2022-2023,19838,East Malvern,-37.87693002,145.069393,320100,950,900,1150,800,700,50,500,150,150,50
2022-2023,19839,Holmesglen,-37.87440222,145.090662,371750,1150,1150,1100,850,700,50,450,300,300,50
2022-2023,19840,Jordanville,-37.87360339,145.1120902,362950,1150,1200,1050,700,600,100,700,200,150,50
2022-2023,19844,Belgrave,-37.9091021,145.3552913,197600,600,600,600,500,400,50,150,150,200,50
2022-2023,19845,Tecoma,-37.90811849,145.3429946,43850,150,150,150,100,50,50,50,50,50,50
2022-2023,19846,Upwey,-37.90369097,145.3313334,90150,300,300,250,200,150,50,100,50,50,50
2022-2023,19847,Alamein,-37.86832039,145.0796557,78100,250,300,200,150,100,50,150,50,50,50
2022-2023,19848,Ashburton,-37.86196753,145.0813438,168550,600,600,450,250,200,50,350,100,100,50
2022-2023,19849,Burwood,-37.85156328,145.0805111,194700,700,750,500,250,150,50,450,100,100,50
2022-2023,19850,Hartwell,-37.84398457,145.0755596,117950,400,450,300,150,150,50,250,100,50,50
2022-2023,19851,Willison,-37.83571565,145.0702976,62800,200,250,150,100,50,50,150,50,50,50
2022-2023,19852,Riversdale,-37.83150543,145.069646,169350,650,700,350,150,100,50,350,100,200,50
2022-2023,19853,Camberwell,-37.82656714,145.0586972,1631400,5200,5500,4050,3150,2900,200,1950,1250,1750,300
2022-2023,19855,Frankston,-38.14299007,145.1261623,1022400,3050,3100,2850,2750,1950,500,750,900,750,150
2022-2023,19856,Kananook,-38.12174203,145.1352953,155800,500,550,400,300,200,100,200,150,100,50
2022-2023,19857,Seaford,-38.10402104,145.1282304,279000,850,900,700,650,450,150,350,200,150,50
2022-2023,19858,Carrum,-38.07489292,145.1224183,281800,850,900,700,650,500,150,400,200,150,50
2022-2023,19859,Bonbeach,-38.06294478,145.1196804,121600,350,400,300,300,200,50,200,100,50,50
2022-2023,19860,Chelsea,-38.05195538,145.1160413,316650,950,1050,800,750,550,100,450,250,150,50
2022-2023,19861,Edithvale,-38.03805602,145.1085355,168750,500,550,400,400,300,50,300,100,100,50
2022-2023,19862,Aspendale,-38.02722019,145.1021496,142800,450,500,350,300,250,50,250,100,100,50
2022-2023,19863,Mordialloc,-38.00658295,145.0876594,416750,1300,1350,1000,1000,750,100,550,300,350,50
2022-2023,19864,Parkdale,-37.99307882,145.0763268,231600,750,850,350,500,300,50,300,200,250,50
2022-2023,19865,Mentone,-37.9818654,145.0651659,588750,2000,2250,1050,950,650,100,550,500,1000,100
2022-2023,19866,Cheltenham,-37.96664989,145.0545579,450000,1450,1600,950,900,600,150,700,300,350,50
2022-2023,19867,Upper Ferntree Gully,-37.8926717,145.3075302,145900,450,450,450,300,250,100,200,100,50,50
2022-2023,19868,Ferntree Gully,-37.88169799,145.2952513,246500,800,850,800,450,300,100,400,150,100,50
2022-2023,19869,Boronia,-37.8604518,145.2843851,355950,1150,1200,1100,700,500,150,550,250,200,50
2022-2023,19870,Bayswater,-37.84173004,145.2681364,329600,1100,1100,1050,600,450,100,500,250,200,50
2022-2023,19871,Heathmont,-37.82832227,145.2445554,137150,450,500,400,250,150,50,250,100,100,50
2022-2023,19872,Highett,-37.948425,145.0418718,292800,950,1000,600,650,450,50,450,250,200,50
2022-2023,19873,Glen Waverley,-37.87950407,145.1620575,1291900,3900,4000,3650,3200,2500,300,1750,850,800,250
2022-2023,19874,Syndal,-37.87622963,145.1497805,660100,2100,2150,1900,1300,1100,250,1200,350,350,50
2022-2023,19875,Mount Waverley,-37.87525526,145.1280557,606350,1900,2000,1600,1250,1050,150,900,400,500,50
2022-2023,19876,Lilydale,-37.75551777,145.3477102,390200,1200,1250,1150,850,650,150,450,300,250,50
2022-2023,19877,Mooroolbark,-37.78474883,145.3124024,405950,1350,1350,1250,750,500,250,600,250,200,50
2022-2023,19878,Croydon,-37.79543697,145.2805978,492650,1650,1650,1550,900,600,200,750,350,300,50
2022-2023,19879,Ringwood East,-37.81196804,145.2501909,206700,700,750,600,300,250,100,350,150,150,50
2022-2023,19880,Pakenham,-38.08061397,145.4863791,398000,1250,1250,1150,850,700,250,400,300,250,50
2022-2023,19881,Officer,-38.06614572,145.4109872,127000,450,450,350,150,100,100,200,100,50,50
2022-2023,19882,Beaconsfield,-38.05083135,145.3660737,209400,750,800,550,250,150,200,350,100,150,50
2022-2023,19883,Berwick,-38.04040829,145.3457261,697250,2400,2600,1600,950,700,450,1000,600,500,50
2022-2023,19884,Narre Warren,-38.02780932,145.3039694,429650,1400,1500,1150,750,600,250,600,350,250,50
2022-2023,19885,Hallam,-38.01774038,145.2697768,399600,1400,1450,1050,550,400,250,650,300,250,50
2022-2023,19886,Cranbourne,-38.09953731,145.280599,787600,2600,2700,2150,1350,1050,650,1100,600,300,50
2022-2023,19887,Merinda Park,-38.07900048,145.2635114,397700,1350,1450,1000,550,400,300,750,250,100,50
2022-2023,19888,Dandenong,-37.98996792,145.2097254,1738900,5700,5800,5250,3350,2450,400,1300,1400,2200,450
2022-2023,19889,Yarraman,-37.97825454,145.1916003,210350,700,750,500,400,300,100,300,200,150,50
2022-2023,19890,Noble Park,-37.96723193,145.1769357,816200,2650,2850,1850,1550,1150,300,1000,700,700,150
2022-2023,19891,Sandown Park,-37.95650457,145.1628259,315850,1050,1150,700,550,400,100,650,250,100,50
2022-2023,19892,East Camberwell,-37.82589419,145.0681902,108800,350,400,250,150,150,50,150,100,150,50
2022-2023,19893,Canterbury,-37.82448518,145.0812242,160850,500,500,500,300,250,50,250,100,150,50
2022-2023,19894,Chatham,-37.82429952,145.0886479,104900,350,350,350,200,150,50,150,50,100,50
2022-2023,19895,Surrey Hills,-37.82414805,145.0987747,175650,600,550,600,350,250,50,300,100,100,50
2022-2023,19896,Mont Albert,-37.81942655,145.1055304,92300,300,300,300,200,150,50,150,50,50,50
2022-2023,19897,Laburnum,-37.82078023,145.1407027,208400,700,700,550,400,300,50,300,150,200,50
2022-2023,19898,Blackburn,-37.82007075,145.1500135,777500,2500,2550,2300,1600,1300,150,1050,550,700,100
2022-2023,19899,Nunawading,-37.82060317,145.1748917,526300,1750,1750,1600,950,800,100,750,400,450,50
2022-2023,19900,Mitcham,-37.81800987,145.1919735,647850,2200,2200,2050,1050,800,200,1050,450,500,50
2022-2023,19901,Heatherdale,-37.81889537,145.2127872,289950,1000,1000,950,400,300,100,550,150,150,50
2022-2023,19902,Ringwood,-37.81588648,145.2289685,1334550,4150,4150,4150,3100,2300,250,950,1050,1650,300
2022-2023,19903,Auburn,-37.82239831,145.0458437,555400,1750,1800,1500,1250,950,100,750,400,500,100
2022-2023,19904,Glenferrie,-37.82146682,145.0364388,1747000,6050,6500,4350,2400,1850,100,950,1800,3050,600
2022-2023,19905,Hawthorn,-37.82182601,145.0228987,469400,1550,1650,1250,800,650,50,550,350,650,50
2022-2023,19906,Burnley,-37.82756022,145.0075551,709000,2050,1900,2700,2000,1700,50,600,350,750,150
2022-2023,19907,East Richmond,-37.82639995,144.9970657,457450,1600,1700,1350,600,400,50,250,250,1050,150
2022-2023,19909,Heyington,-37.83467244,145.0226353,182150,650,750,250,200,150,50,150,100,450,50
2022-2023,19910,Kooyong,-37.83992894,145.0335516,238100,750,800,650,450,350,50,250,200,300,50
2022-2023,19911,Tooronga,-37.84936553,145.0417337,415900,1350,1400,1150,750,650,50,550,250,500,50
2022-2023,19912,Gardiner,-37.85327908,145.0516547,352450,1050,1050,950,900,750,50,500,200,250,50
2022-2023,19913,Springvale,-37.94950878,145.1534518,1162600,3600,3850,2700,2650,2000,250,1050,1100,1150,250
2022-2023,19914,Westall,-37.93849121,145.1388326,668350,1950,1850,2300,1700,1650,150,650,400,550,150
2022-2023,19915,Clayton,-37.92468255,145.1205344,1209900,3900,4200,2650,2550,1700,300,1200,1100,1300,350
2022-2023,19916,Huntingdale,-37.91101734,145.1023643,1118800,4050,4500,2100,1150,750,150,1050,1050,1900,350
2022-2023,19917,Oakleigh,-37.90037214,145.0883079,1253850,4000,4300,2650,2750,1800,200,1200,1000,1600,300
2022-2023,19918,Hughesdale,-37.89488129,145.0776351,444600,1450,1550,950,900,600,100,700,350,400,50
2022-2023,19919,Murrumbeena,-37.89019832,145.0673749,567900,1900,2050,1250,1000,700,150,1050,400,400,50
2022-2023,19920,Carnegie,-37.88624148,145.0585751,806150,2600,2800,1750,1700,1100,150,1250,650,600,200
2022-2023,19921,Werribee,-37.89937805,144.661118,941250,3000,3000,3150,1850,1450,500,1250,700,450,100
2022-2023,19922,Hoppers Crossing,-37.88327618,144.7009549,738900,2450,2550,2100,1250,950,400,1050,550,500,50
2022-2023,19923,Laverton,-37.86369404,144.7726167,817350,2750,2800,2500,1350,1050,350,1350,600,450,50
2022-2023,19924,Aircraft,-37.86660595,144.7608094,194950,600,650,550,400,300,100,250,100,150,50
2022-2023,19925,Westona,-37.86516348,144.8134936,206550,700,750,450,350,250,50,250,150,300,50
2022-2023,19926,Altona,-37.8671476,144.8296447,226200,650,650,600,600,500,50,250,200,150,50
2022-2023,19927,Seaholme,-37.86784231,144.8409577,79350,250,250,200,200,150,50,100,50,50,50
2022-2023,19928,Westgarth,-37.7806207,144.9992332,182000,550,600,400,400,300,50,300,100,100,50
2022-2023,19929,Dennis,-37.77918729,145.0082416,223750,750,800,550,450,300,50,450,150,150,50
2022-2023,19930,Fairfield,-37.77917126,145.0169053,406550,1250,1350,950,900,750,50,650,250,300,50
2022-2023,19931,Alphington,-37.77839363,145.0312549,216150,700,750,500,450,350,50,350,150,150,50
2022-2023,19932,Darebin,-37.77496341,145.038476,95550,300,350,200,200,150,50,150,50,100,50
2022-2023,19933,Ivanhoe,-37.76889674,145.0454252,537800,1750,1900,1250,1000,800,100,900,300,500,50
2022-2023,19934,Eaglemont,-37.76358553,145.0539427,99350,300,350,250,200,200,50,200,50,50,50
2022-2023,19935,Heidelberg,-37.75707293,145.0606855,605950,1950,2050,1550,1200,950,100,550,400,950,100
2022-2023,19936,Rosanna,-37.7428786,145.0661403,492000,1650,1700,1250,850,650,200,950,300,250,50
2022-2023,19938,Patterson,-37.92514919,145.03547,201850,650,750,300,400,300,50,350,150,200,50
2022-2023,19939,Bentleigh,-37.91742457,145.0369951,415200,1300,1450,700,1000,750,100,550,400,350,100
2022-2023,19940,Mckinnon,-37.91030903,145.038299,251050,800,900,400,550,450,50,450,200,200,50
2022-2023,19941,Ormond,-37.90321167,145.0396134,379600,1200,1350,650,850,650,50,600,300,300,50
2022-2023,19942,Glenhuntly,-37.88971946,145.0422229,319350,950,1100,400,800,600,50,450,250,250,50
2022-2023,19943,Caulfield,-37.87745946,145.0425248,2668350,8150,8900,5200,6000,5650,250,2250,2150,3050,1150
2022-2023,19944,Malvern,-37.8662533,145.0292939,531650,1700,1850,1000,1100,850,50,550,450,700,150
2022-2023,19945,Armadale,-37.85645238,145.0193255,370550,1200,1350,650,700,500,50,550,300,450,50
2022-2023,19946,Toorak,-37.85077381,145.0139086,329150,1100,1250,550,600,400,50,450,250,450,50
2022-2023,19947,Hawksburn,-37.84459087,145.0021421,340500,1100,1200,650,700,500,50,500,250,300,50
2022-2023,19948,Sandringham,-37.95033018,145.0045614,731450,2150,2050,2600,2000,1400,150,950,400,450,100
2022-2023,19949,Hampton,-37.93797681,145.0014706,436550,1350,1350,1400,1000,700,50,650,300,300,100
2022-2023,19950,Brighton Beach,-37.92648432,144.9891536,386650,1100,950,1600,1100,850,50,400,200,250,50
2022-2023,19951,Middle Brighton,-37.91513441,144.9962991,473800,1450,1400,1450,1150,900,50,500,350,450,100
2022-2023,19952,North Brighton,-37.90488721,145.002605,480700,1500,1500,1500,1050,750,50,650,300,400,100
2022-2023,19953,Gardenvale,-37.89669508,145.0041684,356400,1100,1150,1100,800,550,50,500,250,300,50
2022-2023,19954,Elsternwick,-37.88475311,145.0008979,710350,2200,2200,2200,1600,1200,100,1000,450,550,150
2022-2023,19955,Ripponlea,-37.87590643,144.9952366,440500,1400,1450,1250,900,700,50,700,300,300,50
2022-2023,19956,Balaclava,-37.86948773,144.9935121,726350,2250,2250,2250,1600,1250,100,950,450,550,150
2022-2023,19957,Windsor,-37.85605308,144.9920352,555550,1750,1850,1500,1250,800,50,650,300,600,150
2022-2023,19958,Prahran,-37.84951848,144.9898599,838550,2700,2750,2400,1800,1200,100,700,550,1200,200
2022-2023,19959,South Yarra,-37.83844935,144.9923422,2769550,9000,9550,6850,5600,3900,250,2250,2250,3950,850
2022-2023,19960,Upfield,-37.66607779,144.9467399,225650,700,750,650,450,350,50,200,200,250,50
2022-2023,19961,Gowrie,-37.700678,144.9588743,201250,650,650,550,450,350,50,300,150,100,50
2022-2023,19962,Fawkner,-37.71462129,144.960545,124050,400,400,350,250,200,50,200,100,50,50
2022-2023,19963,Merlynston,-37.72093389,144.9613135,194300,600,650,550,400,300,50,300,150,100,50
2022-2023,19964,Batman,-37.73352285,144.9628406,185900,600,600,550,400,300,50,250,150,150,50
2022-2023,19965,Coburg,-37.74234502,144.9633363,399550,1250,1250,1150,900,650,100,500,300,300,50
2022-2023,19966,Moreland,-37.75448484,144.961823,278950,900,900,800,600,450,50,300,200,300,50
2022-2023,19967,Anstey,-37.76124203,144.960684,263200,800,850,750,600,450,50,400,150,150,50
2022-2023,19968,Brunswick,-37.76772055,144.9595865,234900,700,750,650,550,400,50,200,150,300,50
2022-2023,19969,Jewell,-37.77498702,144.9587169,253550,800,800,700,550,400,50,250,200,300,50
2022-2023,19970,Royal Park,-37.78119293,144.9523013,241700,750,700,900,500,500,50,100,200,300,50
2022-2023,19971,Flemington Bridge,-37.78813995,144.9393233,184050,600,600,500,400,300,50,150,200,200,50
2022-2023,19972,Macaulay,-37.79426673,144.9361663,191800,600,650,550,400,300,50,100,200,300,50
2022-2023,19974,Clifton Hill,-37.78865745,144.9954167,716900,2000,2050,1900,2050,1850,100,750,450,600,150
2022-2023,19975,Victoria Park,-37.79915782,144.9944514,529400,1650,1700,1400,1250,950,50,450,300,750,150
2022-2023,19976,Collingwood,-37.80452593,144.9937497,413050,1350,1400,1100,800,550,50,250,250,750,100
2022-2023,19977,North Richmond,-37.81039836,144.9925003,540950,1700,1750,1450,1200,950,50,300,400,850,150
2022-2023,19978,West Richmond,-37.81494896,144.9914228,372950,1200,1250,1050,700,550,50,250,250,600,150
2022-2023,19983,Macleod,-37.7260123,145.0691433,441450,1450,1550,1150,700,550,150,800,300,300,50
2022-2023,19984,Watsonia,-37.71095798,145.0837934,388050,1250,1350,900,750,600,200,750,200,200,50
2022-2023,19985,Greensborough,-37.70395408,145.1082474,319400,1000,1100,750,650,500,150,500,200,200,50
2022-2023,19986,Montmorency,-37.71529624,145.1215157,147500,500,500,350,300,200,50,300,100,50,50
2022-2023,19987,Eltham,-37.71354967,145.147822,316700,1050,1100,700,600,500,150,550,200,200,50
2022-2023,19988,Diamond Creek,-37.67329744,145.1585062,99200,300,350,250,200,150,50,200,50,50,50
2022-2023,19989,Wattle Glen,-37.66396792,145.1816145,20800,50,50,50,50,50,50,50,50,50,50
2022-2023,19990,Hurstbridge,-37.63939817,145.1920169,67900,200,200,150,150,150,50,100,50,50,50
2022-2023,19991,Williamstown,-37.86775292,144.9053233,120250,350,350,350,350,250,50,150,100,100,50
2022-2023,19992,Williamstown Beach,-37.86398189,144.8944837,141650,450,450,400,300,300,50,150,100,100,50
2022-2023,19993,North Williamstown,-37.85733348,144.8890695,238350,750,800,650,450,350,50,350,200,150,50
2022-2023,19994,Newport,-37.84271757,144.8835999,1068800,3450,3550,3000,2100,1700,250,1800,650,650,150
2022-2023,19995,Spotswood,-37.83063888,144.8859335,258700,750,800,700,700,550,50,300,150,200,50
2022-2023,19996,Yarraville,-37.81585044,144.8899337,700050,2200,2300,1850,1550,1150,150,1100,450,450,150
2022-2023,19997,Seddon,-37.80900514,144.8956716,335100,1050,1150,850,700,500,50,600,250,200,50
2022-2023,15351,Sunbury,-37.57909097,144.7273188,581150,1800,1800,1850,1300,900,350,650,350,350,50
2022-2023,15353,Diggers Rest,-37.62701651,144.7199224,129750,450,450,400,200,150,100,250,50,50,50
2022-2023,20000,Watergardens,-37.70112872,144.7741805,1029750,3350,3450,3050,1850,1450,450,1700,750,450,100
2022-2023,20001,Keilor Plains,-37.72927934,144.7937381,483400,1600,1650,1400,850,650,250,850,300,150,50
2022-2023,20002,St Albans,-37.74486131,144.8000505,891100,2850,2950,2550,1800,1400,300,1050,900,550,100
2022-2023,20003,Ginifer,-37.75751083,144.8095734,519400,1700,1750,1500,900,700,150,750,450,400,50
2022-2023,20004,Albion,-37.77765281,144.8247036,336250,1100,1150,1000,600,450,150,600,250,150,50
2022-2023,20005,Epping,-37.65238715,145.0301217,672900,2200,2300,1700,1250,1000,300,800,550,650,100
2022-2023,20006,Lalor,-37.66585075,145.0171932,388600,1250,1300,1100,700,600,200,600,250,150,50
2022-2023,20007,Thomastown,-37.68033809,145.0142789,571800,1800,1850,1650,1200,950,250,750,450,350,50
2022-2023,20008,Keon Park,-37.69487012,145.0118838,271900,900,900,800,500,400,50,300,200,300,50
2022-2023,20009,Ruthven,-37.70789754,145.0095166,237150,750,750,700,500,400,100,400,150,100,50
2022-2023,20010,Reservoir,-37.71688492,145.0069958,691000,2200,2300,1900,1400,1050,250,850,550,600,150
2022-2023,20011,Regent,-37.72840277,145.0027726,323850,1050,1050,950,600,500,100,550,200,150,50
2022-2023,20014,Thornbury,-37.75505179,144.9985715,340700,1100,1100,950,700,550,50,550,200,250,50
2022-2023,20015,Croxton,-37.764101,144.9970562,202800,650,650,600,450,350,50,350,100,100,50
2022-2023,20016,Northcote,-37.76986537,144.9952772,239250,750,800,650,500,350,50,300,150,250,50
2022-2023,20017,Merri,-37.77784668,144.9929725,121150,400,400,350,250,200,50,150,100,100,50
2022-2023,20019,Rushall,-37.78321711,144.9924071,101600,300,300,300,250,200,50,100,50,100,50
2022-2023,20021,Sunshine,-37.78853633,144.8328782,1635650,5300,5500,4550,3150,2450,400,1650,1400,1700,300
2022-2023,20022,Tottenham,-37.7992509,144.8629449,365900,1250,1300,1050,600,450,100,600,300,300,50
2022-2023,20023,West Footscray,-37.8018087,144.8853248,466850,1600,1650,1300,750,500,150,950,300,300,50
2022-2023,20024,Middle Footscray,-37.8025047,144.8914721,173550,550,600,500,350,250,50,300,100,100,50
2022-2023,20025,Footscray,-37.80108298,144.9031992,3957000,12900,13600,10400,7750,5350,650,3800,3650,4600,850
2022-2023,20026,South Kensington,-37.79953087,144.925469,283350,900,950,750,550,450,50,400,200,250,50
2022-2023,20027,Flemington Racecourse,-37.78720192,144.9075887,129200,150,150,50,1400,100,50,50,50,50,100
2022-2023,20030,Broadmeadows,-37.68304926,144.9196132,725000,2300,2350,2050,1450,1200,150,550,700,800,150
2022-2023,20031,Jacana,-37.69513079,144.9158505,176700,550,550,500,400,350,50,250,150,100,50
2022-2023,20032,Glenroy,-37.70453633,144.9172204,626050,2000,2050,1900,1250,950,250,750,500,400,100
2022-2023,20033,Oak Park,-37.71794973,144.9215188,368050,1150,1200,1100,750,600,100,650,250,150,50
2022-2023,20034,Pascoe Vale,-37.73075596,144.9281956,422850,1350,1350,1250,900,650,100,700,250,200,50
2022-2023,20035,Strathmore,-37.74359132,144.9273157,242550,800,850,650,450,350,50,450,150,150,50
2022-2023,20036,Glenbervie,-37.74720985,144.9209387,216300,700,700,650,450,350,50,400,150,100,50
2022-2023,20037,Essendon,-37.7560117,144.9161975,1160200,3750,3900,3100,2250,1850,300,1700,750,1000,200
2022-2023,20038,Moonee Ponds,-37.76570666,144.9191607,648000,2000,2050,1900,1550,1100,100,850,450,500,100
2022-2023,20039,Ascot Vale,-37.77530609,144.9218207,383400,1250,1250,1100,750,600,100,700,250,200,50
2022-2023,20040,Newmarket,-37.78732767,144.9289785,496250,1550,1600,1400,1100,800,100,700,350,350,100
2022-2023,20041,Kensington,-37.79378022,144.9305244,368400,1150,1150,1100,850,600,50,550,250,300,50
2022-2023,20042,Box Hill,-37.81922165,145.1214289,1924250,6250,6350,5800,3750,2950,250,1550,1650,2300,500
2022-2023,40220,Roxburgh Park,-37.63823121,144.9354037,433550,1400,1450,1300,800,600,150,700,300,250,50
2022-2023,40221,Craigieburn,-37.6018169,144.9433203,1110800,3500,3600,3150,2300,1800,650,1700,750,400,100
2022-2023,44817,Coolaroo,-37.66100253,144.9260556,189850,650,650,550,350,250,50,300,150,100,50
2022-2023,45793,Lynbrook,-38.05734118,145.2492751,331200,1150,1250,800,450,350,200,650,250,100,50
2022-2023,45794,Cardinia Road,-38.07129047,145.437791,309800,1050,1100,900,500,350,250,500,200,100,50
2022-2023,45795,South Morang,-37.6491588,145.0670324,510050,1650,1650,1500,1050,800,200,650,350,350,100
2022-2023,46468,Williams Landing,-37.86986533,144.7474447,1166300,4000,4150,3350,1800,1300,500,2300,800,450,100
2022-2023,52095,Southland,-37.958758,145.049124,413400,1200,1200,1100,1100,900,50,200,400,500,100
2022-2023,52159,Middle Gorge,-37.644062,145.09214,188600,650,750,400,250,200,100,250,100,300,50
2022-2023,52160,Hawkstowe,-37.622992,145.097396,159150,550,550,450,300,200,100,300,100,50,50
2022-2023,52161,Mernda,-37.602549,145.100883,672750,2200,2250,1850,1350,950,450,1100,400,250,50
2022-2023,19841,Flagstaff,-37.81198131,144.9556538,2758300,10250,11000,7550,2150,1550,100,700,2100,7150,950
2022-2023,19842,Melbourne Central,-37.80993877,144.9625935,8626300,29000,30600,22700,13700,10550,250,1300,7100,17050,4950
2022-2023,19843,Parliament,-37.81105406,144.9729109,4723950,17500,18700,12750,4000,2750,100,850,3100,12650,2050
2022-2023,19854,Flinders Street,-37.81830513,144.9669643,18793400,56800,56700,57200,47800,35350,1350,3300,11200,29950,10900
2022-2023,19908,Richmond,-37.82407446,144.9901643,3105850,7850,8000,7300,11050,8750,150,850,1050,3400,2550
2022-2023,19973,North Melbourne,-37.80630984,144.9415102,1144850,3400,3500,3100,3200,2350,150,550,750,1700,350
2022-2023,19979,Jolimont,-37.81652702,144.9840983,921700,1950,2000,1750,3500,3750,50,150,300,800,700
2022-2023,22180,Southern Cross,-37.81793643,144.9514112,10942400,35900,37050,31400,19550,16250,450,2400,6750,23000,4400
2022-2023,19937,Moorabbin,-37.93435329,145.0367383,505450,1500,1550,1300,1400,1050,50,450,400,550,100
2022-2023,20028,Showgrounds,-37.7835,144.915,168400,200,50,1050,850,800,50,50,50,50,50
2022-2023,20013,Bell,-37.74556212,145.000155,262500,850,850,800,550,450,50,300,200,250,50
2022-2023,20012,Preston,-37.73867424,145.000522,398450,1250,1250,1150,950,650,50,400,350,350,50
2022-2023,49343,Union,-37.823477,145.1000368,50850,150,200,100,100,100,50,100,50,50,50
2023-2024,19829,Morradoo,-38.35403334,145.1896025,3600,50,50,50,50,50,50,50,50,50,50
2023-2024,19831,Hastings,-38.30565853,145.1859799,14300,50,50,50,50,50,50,50,50,50,50
2023-2024,19832,Tyabb,-38.259815,145.1864007,3250,50,50,50,50,50,50,50,50,50,50
2023-2024,19833,Somerville,-38.22534196,145.1762449,7400,50,50,50,50,50,50,50,50,50,50
2023-2024,19835,Glen Iris,-37.85930842,145.0582249,268850,850,900,650,550,350,50,400,150,250,50
2023-2024,19837,Darling,-37.86895684,145.0629508,282750,850,900,700,750,500,50,500,150,150,50
2023-2024,19838,East Malvern,-37.87693002,145.069393,335300,1000,1050,850,900,550,50,600,200,200,50
2023-2024,19839,Holmesglen,-37.87440222,145.090662,396900,1250,1300,1000,950,650,50,500,350,350,50
2023-2024,19840,Jordanville,-37.87360339,145.1120902,386400,1250,1300,1050,800,500,100,750,250,200,50
2023-2024,19844,Belgrave,-37.9091021,145.3552913,223050,650,650,750,550,450,50,200,150,200,50
2023-2024,19845,Tecoma,-37.90811849,145.3429946,43350,150,150,150,100,50,50,50,50,50,50
2023-2024,19846,Upwey,-37.90369097,145.3313334,92050,300,300,300,200,100,50,150,50,50,50
2023-2024,19847,Alamein,-37.86832039,145.0796557,91500,300,300,250,150,100,50,200,50,50,50
2023-2024,19848,Ashburton,-37.86196753,145.0813438,194250,650,700,550,300,200,50,400,150,100,50
2023-2024,19849,Burwood,-37.85156328,145.0805111,214050,750,800,600,250,200,50,500,100,100,50
2023-2024,19850,Hartwell,-37.84398457,145.0755596,132400,450,450,400,200,150,50,250,100,100,50
2023-2024,19851,Willison,-37.83571565,145.0702976,75100,250,300,200,100,50,50,200,50,50,50
2023-2024,19852,Riversdale,-37.83150543,145.069646,146100,550,600,300,100,50,50,300,100,200,50
2023-2024,19853,Camberwell,-37.82656714,145.0586972,1241500,3950,4050,3450,2450,2200,150,1150,850,1600,300
2023-2024,19855,Frankston,-38.14299007,145.1261623,997450,2950,2850,3200,2700,1850,450,700,850,700,150
2023-2024,19856,Kananook,-38.12174203,145.1352953,173700,550,600,550,350,200,100,250,150,100,50
2023-2024,19857,Seaford,-38.10402104,145.1282304,308950,950,950,950,700,450,200,400,200,150,50
2023-2024,19858,Carrum,-38.07489292,145.1224183,322800,950,1000,900,850,500,150,450,250,150,50
2023-2024,19859,Bonbeach,-38.06294478,145.1196804,134500,400,450,350,300,200,50,250,100,50,50
2023-2024,19860,Chelsea,-38.05195538,145.1160413,340500,1050,1050,1000,800,550,100,500,250,200,50
2023-2024,19861,Edithvale,-38.03805602,145.1085355,186300,600,600,500,450,250,50,300,100,100,50
2023-2024,19862,Aspendale,-38.02722019,145.1021496,156950,500,500,450,350,200,50,300,100,100,50
2023-2024,19863,Mordialloc,-38.00658295,145.0876594,538700,1650,1700,1550,1300,850,150,650,400,450,100
2023-2024,19864,Parkdale,-37.99307882,145.0763268,69450,200,250,150,150,100,50,100,50,50,50
2023-2024,19865,Mentone,-37.9818654,145.0651659,670400,2250,2400,1650,1100,700,150,700,500,1000,100
2023-2024,19866,Cheltenham,-37.96664989,145.0545579,629500,2000,2050,1750,1350,900,200,950,400,400,100
2023-2024,19867,Upper Ferntree Gully,-37.8926717,145.3075302,155150,500,500,500,350,250,100,200,100,100,50
2023-2024,19868,Ferntree Gully,-37.88169799,145.2952513,269950,900,900,950,450,300,150,500,150,100,50
2023-2024,19869,Boronia,-37.8604518,145.2843851,380550,1250,1250,1300,750,500,150,600,250,200,50
2023-2024,19870,Bayswater,-37.84173004,145.2681364,385400,1250,1250,1250,750,500,150,500,250,300,50
2023-2024,19871,Heathmont,-37.82832227,145.2445554,150050,500,500,500,250,150,50,300,100,50,50
2023-2024,19872,Highett,-37.948425,145.0418718,345050,1100,1100,1000,800,500,50,500,250,250,50
2023-2024,19873,Glen Waverley,-37.87950407,145.1620575,1326650,4000,4150,3500,3250,2400,300,1750,950,850,300
2023-2024,19874,Syndal,-37.87622963,145.1497805,682000,2200,2300,1800,1400,950,250,1250,350,350,50
2023-2024,19875,Mount Waverley,-37.87525526,145.1280557,652600,2100,2200,1600,1400,900,150,1000,450,550,50
2023-2024,19876,Lilydale,-37.75551777,145.3477102,410150,1300,1250,1400,950,650,150,450,300,250,50
2023-2024,19877,Mooroolbark,-37.78474883,145.3124024,465850,1550,1550,1600,800,500,300,750,250,200,50
2023-2024,19878,Croydon,-37.79543697,145.2805978,288100,950,900,1200,550,350,100,400,200,150,50
2023-2024,19879,Ringwood East,-37.81196804,145.2501909,213500,750,750,650,350,250,100,350,150,150,50
2023-2024,19880,Pakenham,-38.08061397,145.4863791,451700,1400,1450,1400,1000,700,300,450,350,250,50
2023-2024,19881,Officer,-38.06614572,145.4109872,163300,550,600,500,200,150,150,300,100,50,50
2023-2024,19882,Beaconsfield,-38.05083135,145.3660737,174000,600,650,500,250,150,150,250,100,100,50
2023-2024,19883,Berwick,-38.04040829,145.3457261,948200,3350,3500,2750,1150,750,650,1500,750,550,100
2023-2024,19884,Narre Warren,-38.02780932,145.3039694,268150,900,950,650,450,300,150,350,250,150,50
2023-2024,19885,Hallam,-38.01774038,145.2697768,551600,1900,1950,1750,750,500,350,850,350,300,50
2023-2024,19886,Cranbourne,-38.09953731,145.280599,949900,3150,3200,2850,1700,1150,700,1350,700,350,100
2023-2024,19887,Merinda Park,-38.07900048,145.2635114,510450,1750,1800,1500,800,500,400,900,350,150,50
2023-2024,19888,Dandenong,-37.98996792,145.2097254,2073300,6700,6900,5750,4050,3050,550,1500,1750,2500,650
2023-2024,19889,Yarraman,-37.97825454,145.1916003,275650,900,900,800,500,400,100,400,250,150,50
2023-2024,19890,Noble Park,-37.96723193,145.1769357,1001850,3250,3350,2750,1850,1450,400,1100,850,850,150
2023-2024,19891,Sandown Park,-37.95650457,145.1628259,421450,1450,1500,1200,600,500,100,850,350,150,50
2023-2024,19892,East Camberwell,-37.82589419,145.0681902,176350,600,650,350,250,200,50,250,150,250,50
2023-2024,19893,Canterbury,-37.82448518,145.0812242,246900,800,850,650,500,350,50,350,200,200,50
2023-2024,19894,Chatham,-37.82429952,145.0886479,175600,600,600,450,350,250,50,300,100,150,50
2023-2024,19897,Laburnum,-37.82078023,145.1407027,291150,950,1000,700,600,400,50,500,200,250,50
2023-2024,19898,Blackburn,-37.82007075,145.1500135,1230050,4000,4250,3000,2450,1650,300,2000,850,950,150
2023-2024,19899,Nunawading,-37.82060317,145.1748917,672750,2200,2250,2000,1250,900,150,1050,450,500,100
2023-2024,19900,Mitcham,-37.81800987,145.1919735,833250,2750,2800,2550,1450,1050,300,1350,500,550,100
2023-2024,19901,Heatherdale,-37.81889537,145.2127872,406400,1400,1400,1200,650,400,200,800,200,200,50
2023-2024,19902,Ringwood,-37.81588648,145.2289685,1606950,5000,5050,4650,3700,2650,450,1600,1200,1450,350
2023-2024,19903,Auburn,-37.82239831,145.0458437,626150,2000,2050,1650,1350,900,100,850,450,550,100
2023-2024,19904,Glenferrie,-37.82146682,145.0364388,1996050,6950,7400,5100,2600,1900,100,1050,2050,3400,750
2023-2024,19905,Hawthorn,-37.82182601,145.0228987,523950,1750,1850,1400,900,600,50,650,350,700,100
2023-2024,19906,Burnley,-37.82756022,145.0075551,730000,2050,2100,1750,2350,1650,50,650,400,850,150
2023-2024,19907,East Richmond,-37.82639995,144.9970657,537300,1950,2000,1600,600,350,50,250,250,1350,150
2023-2024,19909,Heyington,-37.83467244,145.0226353,185750,650,750,250,200,100,50,150,150,450,50
2023-2024,19910,Kooyong,-37.83992894,145.0335516,257850,850,900,650,500,300,50,250,200,350,50
2023-2024,19911,Tooronga,-37.84936553,145.0417337,467850,1550,1600,1300,900,550,50,650,250,550,50
2023-2024,19912,Gardiner,-37.85327908,145.0516547,399250,1200,1200,1100,1050,700,50,600,250,300,50
2023-2024,19913,Springvale,-37.94950878,145.1534518,1473100,4500,4650,4050,3350,2650,350,1250,1350,1350,350
2023-2024,19914,Westall,-37.93849121,145.1388326,665850,2000,2100,1600,1700,1200,200,800,450,550,100
2023-2024,19915,Clayton,-37.92468255,145.1205344,1535450,5000,5100,4600,2800,2150,350,1400,1350,1500,450
2023-2024,19916,Huntingdale,-37.91101734,145.1023643,1391450,5050,5400,3550,1250,850,200,1250,1300,2200,450
2023-2024,19917,Oakleigh,-37.90037214,145.0883079,1555100,5000,5150,4450,3150,2100,250,1450,1200,1900,350
2023-2024,19918,Hughesdale,-37.89488129,145.0776351,548700,1800,1850,1600,950,650,100,800,400,450,100
2023-2024,19919,Murrumbeena,-37.89019832,145.0673749,714250,2400,2500,2150,1150,750,200,1250,500,450,100
2023-2024,19920,Carnegie,-37.88624148,145.0585751,993800,3250,3350,2950,1800,1250,200,1450,800,700,250
2023-2024,19921,Werribee,-37.89937805,144.661118,1085250,3550,3700,2900,2000,1400,600,1650,800,500,100
2023-2024,19922,Hoppers Crossing,-37.88327618,144.7009549,897300,3050,3200,2300,1400,950,450,1450,650,600,50
2023-2024,19923,Laverton,-37.86369404,144.7726167,912600,3100,3200,2550,1450,1000,400,1600,650,500,50
2023-2024,19924,Aircraft,-37.86660595,144.7608094,234300,750,800,650,450,300,150,300,150,150,50
2023-2024,19925,Westona,-37.86516348,144.8134936,222100,750,800,500,400,250,50,300,150,250,50
2023-2024,19926,Altona,-37.8671476,144.8296447,260350,750,800,700,700,500,50,300,200,150,50
2023-2024,19927,Seaholme,-37.86784231,144.8409577,86500,250,250,250,200,150,50,150,50,50,50
2023-2024,19928,Westgarth,-37.7806207,144.9992332,195700,600,650,550,450,300,50,300,100,150,50
2023-2024,19929,Dennis,-37.77918729,145.0082416,247400,800,850,700,450,300,50,500,150,150,50
2023-2024,19930,Fairfield,-37.77917126,145.0169053,444550,1400,1450,1250,1000,650,50,700,300,300,100
2023-2024,19931,Alphington,-37.77839363,145.0312549,244050,800,850,650,450,300,50,400,150,200,50
2023-2024,19932,Darebin,-37.77496341,145.038476,102800,350,350,250,200,100,50,150,50,100,50
2023-2024,19933,Ivanhoe,-37.76889674,145.0454252,597750,2000,2100,1550,1150,700,150,1000,350,550,50
2023-2024,19934,Eaglemont,-37.76358553,145.0539427,111200,350,350,300,250,150,50,200,100,50,50
2023-2024,19935,Heidelberg,-37.75707293,145.0606855,702150,2300,2450,1700,1400,850,100,750,500,1000,100
2023-2024,19936,Rosanna,-37.7428786,145.0661403,505100,1700,1750,1600,800,550,200,1000,300,250,50
2023-2024,19937,Moorabbin,-37.93435329,145.0367383,524250,1650,1700,1450,1200,900,100,550,400,550,100
2023-2024,19938,Patterson,-37.92514919,145.03547,248350,800,850,600,500,300,50,400,150,200,50
2023-2024,19939,Bentleigh,-37.91742457,145.0369951,509100,1550,1600,1450,1200,900,100,600,450,350,100
2023-2024,19940,Mckinnon,-37.91030903,145.038299,307050,950,1000,850,650,450,50,500,250,200,50
2023-2024,19941,Ormond,-37.90321167,145.0396134,456750,1450,1450,1250,1050,700,100,650,350,300,50
2023-2024,19943,Caulfield,-37.87745946,145.0425248,2909850,8950,9350,7300,7400,4600,250,2300,2350,3300,1100
2023-2024,19944,Malvern,-37.8662533,145.0292939,612550,1950,2000,1700,1350,950,50,550,500,700,150
2023-2024,19945,Armadale,-37.85645238,145.0193255,413300,1350,1400,1100,900,550,50,550,300,450,50
2023-2024,19946,Toorak,-37.85077381,145.0139086,363150,1200,1250,850,700,450,50,500,250,400,50
2023-2024,19947,Hawksburn,-37.84459087,145.0021421,378250,1200,1200,1050,850,550,50,550,250,300,50
2023-2024,19948,Sandringham,-37.95033018,145.0045614,786850,2300,2350,2000,2250,1450,150,1100,500,500,100
2023-2024,19949,Hampton,-37.93797681,145.0014706,493950,1550,1600,1300,1200,750,100,750,350,350,100
2023-2024,19950,Brighton Beach,-37.92648432,144.9891536,393350,1100,1100,1050,1200,900,50,450,250,300,50
2023-2024,19951,Middle Brighton,-37.91513441,144.9962991,526150,1600,1650,1400,1300,900,50,550,400,500,100
2023-2024,19952,North Brighton,-37.90488721,145.002605,524650,1650,1700,1300,1250,750,50,750,350,400,100
2023-2024,19953,Gardenvale,-37.89669508,145.0041684,396750,1250,1300,950,950,550,50,600,300,350,50
2023-2024,19954,Elsternwick,-37.88475311,145.0008979,797050,2500,2600,2000,1900,1200,100,1150,550,650,200
2023-2024,19955,Ripponlea,-37.87590643,144.9952366,487100,1550,1650,1200,1050,700,100,800,300,350,50
2023-2024,19956,Balaclava,-37.86948773,144.9935121,787700,2450,2550,2050,1750,1250,150,1100,500,650,150
2023-2024,19957,Windsor,-37.85605308,144.9920352,601350,1950,2050,1450,1350,800,100,750,350,650,200
2023-2024,19958,Prahran,-37.84951848,144.9898599,893300,2900,3000,2250,1900,1200,100,800,600,1250,250
2023-2024,19959,South Yarra,-37.83844935,144.9923422,3100250,10100,10500,8450,6000,4100,300,2450,2450,4350,950
2023-2024,19960,Upfield,-37.66607779,144.9467399,275250,850,900,800,550,450,50,250,250,300,50
2023-2024,19961,Gowrie,-37.700678,144.9588743,231100,700,750,650,550,400,50,300,200,150,50
2023-2024,19962,Fawkner,-37.71462129,144.960545,147500,450,500,450,300,250,50,200,100,100,50
2023-2024,19963,Merlynston,-37.72093389,144.9613135,257800,850,850,750,550,400,100,450,200,100,50
2023-2024,19964,Batman,-37.73352285,144.9628406,222650,700,700,650,450,350,50,300,150,200,50
2023-2024,19965,Coburg,-37.74234502,144.9633363,498850,1550,1600,1450,1150,800,100,650,400,350,100
2023-2024,19966,Moreland,-37.75448484,144.961823,268250,850,850,750,600,400,50,350,200,200,50
2023-2024,19967,Anstey,-37.76124203,144.960684,358900,1100,1150,1050,850,600,100,550,250,200,50
2023-2024,19968,Brunswick,-37.76772055,144.9595865,326950,1000,1050,850,750,550,50,300,250,400,100
2023-2024,19969,Jewell,-37.77498702,144.9587169,349050,1050,1100,900,800,600,50,300,300,400,100
2023-2024,19970,Royal Park,-37.78119293,144.9523013,304600,900,850,1050,750,600,50,150,300,400,50
2023-2024,19971,Flemington Bridge,-37.78813995,144.9393233,252700,800,800,700,550,400,50,200,250,250,50
2023-2024,19972,Macaulay,-37.79426673,144.9361663,279350,900,950,750,600,400,50,150,300,400,50
2023-2024,19974,Clifton Hill,-37.78865745,144.9954167,779150,2200,2250,2100,2350,1650,100,800,500,700,150
2023-2024,19975,Victoria Park,-37.79915782,144.9944514,615100,1950,2050,1650,1350,900,50,550,350,850,200
2023-2024,19976,Collingwood,-37.80452593,144.9937497,488050,1650,1700,1350,900,550,50,300,300,950,150
2023-2024,19977,North Richmond,-37.81039836,144.9925003,609400,1950,2000,1700,1300,900,50,350,450,950,200
2023-2024,19978,West Richmond,-37.81494896,144.9914228,396750,1300,1350,1100,750,450,50,250,300,650,150
2023-2024,19983,Macleod,-37.7260123,145.0691433,382150,1300,1350,1100,600,400,100,650,250,300,50
2023-2024,19984,Watsonia,-37.71095798,145.0837934,434900,1500,1500,1400,700,450,200,850,200,200,50
2023-2024,19985,Greensborough,-37.70395408,145.1082474,411400,1350,1350,1300,750,550,150,600,250,300,50
2023-2024,19986,Montmorency,-37.71529624,145.1215157,192650,650,650,550,350,200,100,350,100,100,50
2023-2024,19987,Eltham,-37.71354967,145.147822,387550,1300,1350,1100,650,450,150,650,250,250,50
2023-2024,19988,Diamond Creek,-37.67329744,145.1585062,128950,450,450,400,200,150,50,250,50,50,50
2023-2024,19989,Wattle Glen,-37.66396792,145.1816145,30100,100,100,100,50,50,50,50,50,50,50
2023-2024,19990,Hurstbridge,-37.63939817,145.1920169,82350,250,250,250,150,150,50,150,50,50,50
2023-2024,19991,Williamstown,-37.86775292,144.9053233,143650,400,450,400,400,300,50,150,150,100,50
2023-2024,19992,Williamstown Beach,-37.86398189,144.8944837,158900,500,500,450,350,300,50,200,100,150,50
2023-2024,19993,North Williamstown,-37.85733348,144.8890695,260900,850,900,700,500,350,50,400,200,150,50
2023-2024,19994,Newport,-37.84271757,144.8835999,1231700,4000,4150,3450,2450,1600,300,2100,800,800,200
2023-2024,19995,Spotswood,-37.83063888,144.8859335,294100,900,900,750,750,500,50,400,200,250,50
2023-2024,19996,Yarraville,-37.81585044,144.8899337,794400,2500,2600,2100,1700,1200,150,1300,550,500,150
2023-2024,19997,Seddon,-37.80900514,144.8956716,381350,1250,1300,950,750,500,50,700,250,250,50
2023-2024,15351,Sunbury,-37.57909097,144.7273188,690850,2150,2200,1950,1600,1050,450,800,450,400,100
2023-2024,15353,Diggers Rest,-37.62701651,144.7199224,173850,600,650,450,250,150,100,350,100,50,50
2023-2024,20000,Watergardens,-37.70112872,144.7741805,1258850,4200,4350,3500,2250,1500,600,2150,900,550,100
2023-2024,20001,Keilor Plains,-37.72927934,144.7937381,614000,2050,2100,1700,1050,750,350,1150,400,200,50
2023-2024,20002,St Albans,-37.74486131,144.8000505,1022200,3250,3350,2900,2000,1600,300,1300,1050,600,100
2023-2024,20003,Ginifer,-37.75751083,144.8095734,650350,2150,2200,1800,1150,900,200,950,500,500,50
2023-2024,20004,Albion,-37.77765281,144.8247036,433100,1450,1500,1200,700,500,150,750,350,200,50
2023-2024,20005,Epping,-37.65238715,145.0301217,725350,2400,2550,1800,1350,900,300,850,600,700,100
2023-2024,20006,Lalor,-37.66585075,145.0171932,446900,1450,1550,1150,800,550,250,750,300,200,50
2023-2024,20007,Thomastown,-37.68033809,145.0142789,635600,2050,2100,1700,1300,950,300,850,500,400,100
2023-2024,20008,Keon Park,-37.69487012,145.0118838,133550,450,450,400,250,150,50,100,100,200,50
2023-2024,20009,Ruthven,-37.70789754,145.0095166,302050,950,1000,750,650,450,100,500,200,150,50
2023-2024,20010,Reservoir,-37.71688492,145.0069958,852650,2750,2800,2650,1700,1200,350,1000,650,650,150
2023-2024,20011,Regent,-37.72840277,145.0027726,369000,1200,1250,1050,750,500,100,700,200,200,50
2023-2024,20012,Preston,-37.73867424,145.000522,568750,1750,1850,1450,1350,950,100,600,500,550,100
2023-2024,20013,Bell,-37.74556212,145.000155,385100,1200,1250,1050,850,600,50,500,250,350,50
2023-2024,20014,Thornbury,-37.75505179,144.9985715,372350,1200,1250,1000,800,500,50,600,250,250,50
2023-2024,20015,Croxton,-37.764101,144.9970562,228050,700,750,650,550,350,50,400,100,150,50
2023-2024,20016,Northcote,-37.76986537,144.9952772,278000,900,950,700,600,400,50,350,150,300,50
2023-2024,20017,Merri,-37.77784668,144.9929725,146100,450,500,350,300,200,50,200,100,150,50
2023-2024,20019,Rushall,-37.78321711,144.9924071,119850,350,400,300,300,200,50,150,100,100,50
2023-2024,20021,Sunshine,-37.78853633,144.8328782,1830400,5950,6150,5200,3500,2600,450,1800,1500,1950,400
2023-2024,20022,Tottenham,-37.7992509,144.8629449,422000,1450,1500,1200,650,450,150,700,300,300,50
2023-2024,20023,West Footscray,-37.8018087,144.8853248,522700,1800,1850,1450,800,500,150,1050,300,300,50
2023-2024,20024,Middle Footscray,-37.8025047,144.8914721,201800,650,700,550,400,250,50,350,150,100,50
2023-2024,20025,Footscray,-37.80108298,144.9031992,4365800,14050,14650,11450,9050,6000,800,3900,4050,4850,1000
2023-2024,20026,South Kensington,-37.79953087,144.925469,304650,1000,1000,800,650,450,50,400,250,250,50
2023-2024,20027,Flemington Racecourse,-37.78720192,144.9075887,134250,100,150,50,1500,50,50,50,50,50,100
2023-2024,20030,Broadmeadows,-37.68304926,144.9196132,874950,2800,2900,2450,1750,1350,200,700,850,950,200
2023-2024,20031,Jacana,-37.69513079,144.9158505,215600,650,700,600,450,400,100,300,150,100,50
2023-2024,20032,Glenroy,-37.70453633,144.9172204,758850,2450,2500,2250,1450,1100,250,1000,650,500,100
2023-2024,20033,Oak Park,-37.71794973,144.9215188,437000,1400,1450,1250,900,600,150,750,300,200,50
2023-2024,20034,Pascoe Vale,-37.73075596,144.9281956,530800,1700,1750,1500,1100,750,150,900,350,300,50
2023-2024,20035,Strathmore,-37.74359132,144.9273157,299900,1000,1050,800,550,350,50,550,200,200,50
2023-2024,20036,Glenbervie,-37.74720985,144.9209387,263100,850,900,750,500,350,100,500,150,100,50
2023-2024,20037,Essendon,-37.7560117,144.9161975,1312800,4300,4450,3650,2550,1650,350,2100,800,1050,150
2023-2024,20038,Moonee Ponds,-37.76570666,144.9191607,759550,2400,2450,2200,1750,1100,150,1000,550,600,150
2023-2024,20039,Ascot Vale,-37.77530609,144.9218207,474300,1550,1600,1350,900,600,100,900,300,250,50
2023-2024,20040,Newmarket,-37.78732767,144.9289785,598050,1900,1950,1700,1300,850,100,850,450,450,100
2023-2024,20041,Kensington,-37.79378022,144.9305244,435300,1400,1400,1300,950,650,50,650,300,350,50
2023-2024,20042,Box Hill,-37.81922165,145.1214289,2535000,8100,8350,7100,5100,3950,400,2450,2300,2650,500
2023-2024,40220,Roxburgh Park,-37.63823121,144.9354037,512350,1700,1750,1500,900,650,200,800,400,300,50
2023-2024,40221,Craigieburn,-37.6018169,144.9433203,1418700,4600,4750,4000,2800,1950,800,2300,1000,500,150
2023-2024,44817,Coolaroo,-37.66100253,144.9260556,253750,850,900,750,400,300,100,450,200,100,50
2023-2024,45793,Lynbrook,-38.05734118,145.2492751,393250,1350,1450,1100,500,350,200,750,300,150,50
2023-2024,45794,Cardinia Road,-38.07129047,145.437791,360500,1200,1250,1150,550,350,250,600,250,100,50
2023-2024,45795,South Morang,-37.6491588,145.0670324,534400,1700,1750,1450,1100,750,250,700,400,400,100
2023-2024,46468,Williams Landing,-37.86986533,144.7474447,1359750,4700,4950,3700,1900,1300,600,2750,950,500,100
2023-2024,49343,Union,-37.823477,145.1000368,512800,1700,1750,1450,950,650,100,1000,300,300,50
2023-2024,52095,Southland,-37.958758,145.049124,432800,1250,1200,1400,1250,950,50,200,400,450,100
2023-2024,52159,Middle Gorge,-37.644062,145.09214,203450,700,800,400,300,150,100,300,100,250,50
2023-2024,52160,Hawkstowe,-37.622992,145.097396,184850,600,650,500,300,200,100,350,100,50,50
2023-2024,52161,Mernda,-37.602549,145.100883,710550,2300,2400,1900,1400,950,450,1150,450,300,50
2023-2024,19841,Flagstaff,-37.81198131,144.9556538,3435300,12600,13100,10450,2900,2200,150,800,2600,8400,1150
2023-2024,19842,Melbourne Central,-37.80993877,144.9625935,11176650,36850,37700,33200,18700,15550,300,1600,9050,20750,5950
2023-2024,19843,Parliament,-37.81105406,144.9729109,5862900,21350,22100,18000,5450,4200,100,800,3750,15150,2300
2023-2024,19854,Flinders Street,-37.81830513,144.9669643,20345200,62850,63600,59550,47100,34400,1400,3650,12800,33650,12100
2023-2024,19908,Richmond,-37.82407446,144.9901643,3722400,9800,9650,10500,13450,8000,150,900,1350,4000,3300
2023-2024,19973,North Melbourne,-37.80630984,144.9415102,1220400,3600,3700,3400,3300,2500,150,550,800,1750,400
2023-2024,19979,Jolimont,-37.81652702,144.9840983,1027200,2400,2400,2550,4300,2650,50,150,350,950,900
2023-2024,22180,Southern Cross,-37.81793643,144.9514112,14019450,46350,47500,41300,24250,18750,550,2950,8950,29450,5550
2023-2024,19827,Stony Point,-38.37423454,145.2218375,6700,50,50,50,50,50,50,50,50,50,50
2023-2024,19828,Crib Point,-38.36612338,145.2040433,7150,50,50,50,50,50,50,50,50,50,50
2023-2024,19830,Bittern,-38.33739032,145.1780265,7850,50,50,50,50,50,50,50,50,50,50
2023-2024,19836,Leawarra,-38.152034,145.139534,5150,50,50,50,50,50,50,50,50,50,50
2023-2024,20028,Showgrounds,-37.7835,144.915,138000,250,50,1150,650,500,50,50,50,50,50
2023-2024,19834,Baxter,-38.19404306,145.1605261,2550,50,50,50,50,50,50,50,50,50,50
2023-2024,19942,Glenhuntly,-37.88971946,145.0422229,524650,1600,1650,1450,1200,850,100,700,400,350,100
2023-2024,49458,East Pakenham,-38.084284,145.506311,3700,50,50,50,50,50,50,50,50,50,50
2024-2025,15351,Sunbury,-37.57909097,144.7273188,691050,2200,2250,1950,1450,950,450,850,450,400,100
2024-2025,15353,Diggers Rest,-37.62701651,144.7199224,165600,550,600,450,200,150,100,300,100,50,50
2024-2025,19827,Stony Point,-38.37423454,145.2218375,6950,50,50,50,50,50,50,50,50,50,50
2024-2025,19828,Crib Point,-38.36612338,145.2040433,7900,50,50,50,50,50,50,50,50,50,50
2024-2025,19829,Morradoo,-38.35403334,145.1896025,3400,50,50,50,50,50,50,50,50,50,50
2024-2025,19830,Bittern,-38.33739032,145.1780265,8800,50,50,50,50,50,50,50,50,50,50
2024-2025,19831,Hastings,-38.30565853,145.1859799,10850,50,50,50,50,50,50,50,50,50,50
2024-2025,19832,Tyabb,-38.259815,145.1864007,4050,50,50,50,50,50,50,50,50,50,50
2024-2025,19833,Somerville,-38.22534196,145.1762449,8050,50,50,50,50,50,50,50,50,50,50
2024-2025,19834,Baxter,-38.19404306,145.1605261,2500,50,50,50,50,50,50,50,50,50,50
2024-2025,19835,Glen Iris,-37.85930842,145.0582249,261300,850,900,600,550,350,50,400,150,250,50
2024-2025,19836,Leawarra,-38.152034,145.139534,5500,50,50,50,50,50,50,50,50,50,50
2024-2025,19837,Darling,-37.86895684,145.0629508,262650,800,850,650,550,400,50,500,150,150,50
2024-2025,19838,East Malvern,-37.87693002,145.069393,333800,1050,1050,850,750,550,50,600,200,150,50
2024-2025,19839,Holmesglen,-37.87440222,145.090662,383100,1200,1250,900,850,650,50,450,350,350,50
2024-2025,19840,Jordanville,-37.87360339,145.1120902,388950,1250,1300,1000,750,550,100,750,250,200,50
2024-2025,19841,Flagstaff,-37.81198131,144.9556538,3445200,12350,13100,9500,2900,2200,150,850,2550,8450,1150
2024-2025,19842,Melbourne Central,-37.80993877,144.9625935,11876900,38300,39700,33000,20650,17250,300,1650,9500,21750,6550
2024-2025,19843,Parliament,-37.81105406,144.9729109,6344650,22350,23550,17950,6450,4750,150,850,3950,16000,2600
2024-2025,19844,Belgrave,-37.9091021,145.3552913,283100,850,900,750,650,450,100,300,200,250,50
2024-2025,19845,Tecoma,-37.90811849,145.3429946,47250,150,150,150,100,50,50,100,50,50,50
2024-2025,19846,Upwey,-37.90369097,145.3313334,97850,300,350,250,200,150,50,150,50,50,50
2024-2025,19847,Alamein,-37.86832039,145.0796557,96200,300,350,250,150,100,50,200,50,50,50
2024-2025,19848,Ashburton,-37.86196753,145.0813438,201950,700,700,600,300,200,50,400,150,100,50
2024-2025,19849,Burwood,-37.85156328,145.0805111,221250,750,800,600,250,200,50,500,150,100,50
2024-2025,19850,Hartwell,-37.84398457,145.0755596,138050,450,500,400,200,150,50,300,100,100,50
2024-2025,19851,Willison,-37.83571565,145.0702976,73100,250,250,200,100,50,50,150,50,50,50
2024-2025,19852,Riversdale,-37.83150543,145.069646,144000,550,600,300,100,50,50,300,100,200,50
2024-2025,19853,Camberwell,-37.82656714,145.0586972,1260400,3950,4100,3500,2350,2200,150,1100,850,1650,300
2024-2025,19854,Flinders Street,-37.81830513,144.9669643,19633300,60900,61800,57400,43150,31350,1100,3600,12600,33650,10900
2024-2025,19855,Frankston,-38.14299007,145.1261623,1035450,3050,2950,3350,2750,1900,450,750,850,700,150
2024-2025,19856,Kananook,-38.12174203,145.1352953,173050,550,550,550,350,200,100,250,100,100,50
2024-2025,19857,Seaford,-38.10402104,145.1282304,320500,1000,1000,1000,700,500,200,450,200,150,50
2024-2025,19858,Carrum,-38.07489292,145.1224183,343700,1050,1050,950,850,550,150,450,250,150,50
2024-2025,19859,Bonbeach,-38.06294478,145.1196804,141600,450,450,400,300,200,50,250,100,50,50
2024-2025,19860,Chelsea,-38.05195538,145.1160413,352250,1100,1100,1000,800,550,100,500,250,200,50
2024-2025,19861,Edithvale,-38.03805602,145.1085355,201450,650,650,600,450,300,50,350,150,100,50
2024-2025,19862,Aspendale,-38.02722019,145.1021496,169500,550,550,450,350,250,50,300,100,100,50
2024-2025,19863,Mordialloc,-38.00658295,145.0876594,529850,1600,1600,1600,1300,850,100,650,350,400,100
2024-2025,19864,Parkdale,-37.99307882,145.0763268,268050,850,900,600,550,350,50,400,200,250,50
2024-2025,19865,Mentone,-37.9818654,145.0651659,583650,1900,2050,1500,1000,650,100,650,450,800,100
2024-2025,19866,Cheltenham,-37.96664989,145.0545579,717500,2200,2300,1800,1700,1100,200,1150,450,450,100
2024-2025,19867,Upper Ferntree Gully,-37.8926717,145.3075302,180450,550,600,500,350,300,100,250,100,100,50
2024-2025,19868,Ferntree Gully,-37.88169799,145.2952513,337700,1150,1200,950,500,350,150,650,200,150,50
2024-2025,19869,Boronia,-37.8604518,145.2843851,462850,1500,1600,1300,800,550,200,800,350,200,50
2024-2025,19870,Bayswater,-37.84173004,145.2681364,446150,1450,1500,1300,800,550,150,700,300,300,50
2024-2025,19871,Heathmont,-37.82832227,145.2445554,199600,700,700,550,250,200,50,400,100,100,50
2024-2025,19872,Highett,-37.948425,145.0418718,410950,1250,1300,1100,1000,650,100,600,300,250,50
2024-2025,19873,Glen Waverley,-37.87950407,145.1620575,1209700,3650,3850,2950,2900,2150,250,1600,900,800,250
2024-2025,19874,Syndal,-37.87622963,145.1497805,698100,2200,2350,1700,1400,1050,250,1250,350,350,50
2024-2025,19875,Mount Waverley,-37.87525526,145.1280557,658250,2100,2250,1550,1300,950,150,1050,450,500,100
2024-2025,19876,Lilydale,-37.75551777,145.3477102,512300,1600,1700,1350,1050,800,200,600,400,400,50
2024-2025,19877,Mooroolbark,-37.78474883,145.3124024,569250,1900,2000,1500,950,600,400,1000,350,250,50
2024-2025,19878,Croydon,-37.79543697,145.2805978,447350,1500,1550,1150,750,500,150,700,350,300,50
2024-2025,19879,Ringwood East,-37.81196804,145.2501909,268800,900,1000,650,400,250,100,500,200,150,50
2024-2025,19880,Pakenham,-38.08061397,145.4863791,495750,1550,1600,1400,1000,750,350,500,450,300,50
2024-2025,19881,Officer,-38.06614572,145.4109872,208600,700,750,550,250,200,150,350,150,100,50
2024-2025,19882,Beaconsfield,-38.05083135,145.3660737,199950,700,750,500,250,150,150,350,100,100,50
2024-2025,19883,Berwick,-38.04040829,145.3457261,1008200,3450,3700,2600,1300,900,700,1600,750,600,100
2024-2025,19884,Narre Warren,-38.02780932,145.3039694,522200,1700,1800,1400,900,650,250,750,400,300,100
2024-2025,19885,Hallam,-38.01774038,145.2697768,521500,1750,1850,1400,750,500,300,850,350,300,50
2024-2025,19886,Cranbourne,-38.09953731,145.280599,1054250,3500,3650,2900,1650,1250,800,1600,800,400,100
2024-2025,19887,Merinda Park,-38.07900048,145.2635114,577750,1950,2050,1600,750,550,400,1000,400,200,50
2024-2025,19888,Dandenong,-37.98996792,145.2097254,1970750,6300,6500,5450,3750,2800,450,1350,1700,2400,600
2024-2025,19889,Yarraman,-37.97825454,145.1916003,272450,900,900,750,450,400,100,350,250,200,50
2024-2025,19890,Noble Park,-37.96723193,145.1769357,993800,3200,3350,2600,1800,1400,350,1100,850,850,150
2024-2025,19891,Sandown Park,-37.95650457,145.1628259,458700,1550,1650,1200,650,500,150,950,350,150,50
2024-2025,19892,East Camberwell,-37.82589419,145.0681902,185950,600,700,350,300,200,50,250,150,250,50
2024-2025,19893,Canterbury,-37.82448518,145.0812242,268450,850,900,650,500,400,50,400,200,250,50
2024-2025,19894,Chatham,-37.82429952,145.0886479,183300,600,600,500,350,250,50,300,150,150,50
2024-2025,19897,Laburnum,-37.82078023,145.1407027,316900,1000,1100,750,600,450,50,550,200,250,50
2024-2025,19898,Blackburn,-37.82007075,145.1500135,1206950,3750,3950,3100,2600,1950,250,1850,800,900,150
2024-2025,19899,Nunawading,-37.82060317,145.1748917,758050,2500,2600,2150,1250,950,200,1250,500,550,100
2024-2025,19900,Mitcham,-37.81800987,145.1919735,925550,3050,3200,2550,1550,1050,350,1600,600,600,100
2024-2025,19901,Heatherdale,-37.81889537,145.2127872,448700,1500,1600,1250,650,450,200,900,250,250,50
2024-2025,19902,Ringwood,-37.81588648,145.2289685,1514250,4650,4700,4500,3350,2450,350,1300,1250,1500,350
2024-2025,19903,Auburn,-37.82239831,145.0458437,650000,2050,2150,1700,1300,950,100,950,450,600,100
2024-2025,19904,Glenferrie,-37.82146682,145.0364388,1978650,6800,7300,4900,2500,1900,100,1050,2000,3450,650
2024-2025,19905,Hawthorn,-37.82182601,145.0228987,531400,1750,1850,1400,850,650,50,700,350,700,50
2024-2025,19906,Burnley,-37.82756022,145.0075551,881250,2950,3100,2400,1450,900,50,700,500,1650,150
2024-2025,19907,East Richmond,-37.82639995,144.9970657,575900,2050,2200,1600,600,300,50,300,300,1450,150
2024-2025,19908,Richmond,-37.82407446,144.9901643,3712750,9850,9600,10700,13000,8850,150,900,1350,4400,2800
2024-2025,19909,Heyington,-37.83467244,145.0226353,189500,650,800,250,200,100,50,150,150,450,50
2024-2025,19910,Kooyong,-37.83992894,145.0335516,233000,750,800,500,450,350,50,250,200,300,50
2024-2025,19911,Tooronga,-37.84936553,145.0417337,453150,1500,1550,1100,800,550,50,650,250,550,50
2024-2025,19912,Gardiner,-37.85327908,145.0516547,399400,1200,1250,1000,1050,750,50,650,250,250,50
2024-2025,19913,Springvale,-37.94950878,145.1534518,1429400,4300,4500,3750,3300,2650,300,1200,1300,1350,350
2024-2025,19914,Westall,-37.93849121,145.1388326,634250,1950,1950,1900,1450,1050,150,750,450,500,100
2024-2025,19915,Clayton,-37.92468255,145.1205344,1514000,4750,4950,4050,3050,2350,350,1350,1300,1500,450
2024-2025,19916,Huntingdale,-37.91101734,145.1023643,1590050,5650,6200,3650,1500,1050,200,1400,1500,2550,550
2024-2025,19917,Oakleigh,-37.90037214,145.0883079,1624200,5150,5400,4350,3150,2250,250,1500,1300,1950,400
2024-2025,19918,Hughesdale,-37.89488129,145.0776351,555350,1800,1900,1400,1050,750,100,800,400,450,100
2024-2025,19919,Murrumbeena,-37.89019832,145.0673749,712400,2350,2500,1900,1200,850,150,1300,500,400,100
2024-2025,19920,Carnegie,-37.88624148,145.0585751,1015400,3250,3400,2650,2000,1450,150,1450,800,700,250
2024-2025,19921,Werribee,-37.89937805,144.661118,1049600,3550,3650,3050,1450,1100,600,1650,850,500,100
2024-2025,19922,Hoppers Crossing,-37.88327618,144.7009549,925850,3150,3300,2550,1250,900,500,1500,700,600,50
2024-2025,19923,Laverton,-37.86369404,144.7726167,892250,3000,3100,2650,1250,900,350,1600,650,450,50
2024-2025,19924,Aircraft,-37.86660595,144.7608094,248850,800,850,700,450,300,150,350,150,150,50
2024-2025,19925,Westona,-37.86516348,144.8134936,229400,750,800,550,400,250,100,300,150,250,50
2024-2025,19926,Altona,-37.8671476,144.8296447,263300,800,800,750,650,500,50,300,200,200,50
2024-2025,19927,Seaholme,-37.86784231,144.8409577,93100,300,300,250,200,150,50,150,50,50,50
2024-2025,19928,Westgarth,-37.7806207,144.9992332,201950,650,650,550,450,300,50,300,150,150,50
2024-2025,19929,Dennis,-37.77918729,145.0082416,260800,850,900,700,450,300,50,550,150,150,50
2024-2025,19930,Fairfield,-37.77917126,145.0169053,437700,1350,1400,1200,900,650,50,700,300,300,50
2024-2025,19931,Alphington,-37.77839363,145.0312549,249100,800,850,650,450,300,50,450,150,200,50
2024-2025,19932,Darebin,-37.77496341,145.038476,112450,350,400,250,200,150,50,200,100,100,50
2024-2025,19933,Ivanhoe,-37.76889674,145.0454252,617600,2000,2150,1550,1150,750,200,1000,350,500,50
2024-2025,19934,Eaglemont,-37.76358553,145.0539427,126500,400,450,300,250,150,50,250,100,50,50
2024-2025,19935,Heidelberg,-37.75707293,145.0606855,822300,2700,3000,1650,1350,950,200,1200,600,900,100
2024-2025,19936,Rosanna,-37.7428786,145.0661403,432900,1400,1350,1550,750,500,150,750,250,150,50
2024-2025,19937,Moorabbin,-37.93435329,145.0367383,520000,1650,1700,1350,1100,750,100,600,450,500,100
2024-2025,19938,Patterson,-37.92514919,145.03547,287550,900,1000,700,550,400,50,500,200,200,50
2024-2025,19939,Bentleigh,-37.91742457,145.0369951,586000,1750,1800,1650,1450,1100,100,700,500,450,100
2024-2025,19940,McKinnon,-37.91030903,145.038299,369950,1150,1200,1000,800,600,50,600,250,200,50
2024-2025,19941,Ormond,-37.90321167,145.0396134,539450,1650,1700,1450,1250,900,100,800,400,350,50
2024-2025,19942,Glenhuntly,-37.88971946,145.0422229,641550,1950,2000,1750,1450,1100,100,850,500,450,100
2024-2025,19943,Caulfield,-37.87745946,145.0425248,3205100,9600,9950,8250,8250,5600,250,2350,2500,3600,1200
2024-2025,19944,Malvern,-37.8662533,145.0292939,703650,2200,2300,1900,1500,1100,50,650,600,800,150
2024-2025,19945,Armadale,-37.85645238,145.0193255,469600,1500,1550,1250,950,650,50,650,350,500,50
2024-2025,19946,Toorak,-37.85077381,145.0139086,417900,1350,1450,1050,750,550,50,600,300,450,50
2024-2025,19947,Hawksburn,-37.84459087,145.0021421,447000,1400,1450,1250,950,700,50,650,300,350,50
2024-2025,19948,Sandringham,-37.95033018,145.0045614,710850,2100,2150,2000,1900,1250,150,950,450,450,100
2024-2025,19949,Hampton,-37.93797681,145.0014706,482700,1500,1550,1350,1100,700,100,750,350,300,100
2024-2025,19950,Brighton Beach,-37.92648432,144.9891536,332650,1000,1000,950,850,650,50,450,250,200,50
2024-2025,19951,Middle Brighton,-37.91513441,144.9962991,512250,1550,1550,1450,1250,850,50,550,400,450,100
2024-2025,19952,North Brighton,-37.90488721,145.002605,502000,1600,1650,1400,1050,700,50,750,350,400,100
2024-2025,19953,Gardenvale,-37.89669508,145.0041684,380050,1200,1250,1000,800,500,50,600,250,350,50
2024-2025,19954,Elsternwick,-37.88475311,145.0008979,763550,2400,2500,2150,1600,1100,100,1150,500,600,150
2024-2025,19955,Ripponlea,-37.87590643,144.9952366,465900,1500,1550,1300,900,650,50,800,300,300,50
2024-2025,19956,Balaclava,-37.86948773,144.9935121,752350,2400,2450,2200,1500,1100,100,1100,500,600,150
2024-2025,19957,Windsor,-37.85605308,144.9920352,586800,1900,1950,1550,1150,750,100,750,350,650,200
2024-2025,19958,Prahran,-37.84951848,144.9898599,879500,2800,2900,2450,1700,1150,100,800,600,1200,250
2024-2025,19959,South Yarra,-37.83844935,144.9923422,3199050,10350,10950,8150,5900,4100,300,2600,2500,4600,950
2024-2025,19960,Upfield,-37.66607779,144.9467399,264250,850,850,750,500,400,50,250,250,300,50
2024-2025,19961,Gowrie,-37.700678,144.9588743,232350,700,750,650,500,350,50,300,200,150,50
2024-2025,19962,Fawkner,-37.71462129,144.960545,146600,450,500,400,300,200,50,250,100,100,50
2024-2025,19963,Merlynston,-37.72093389,144.9613135,284100,900,950,800,600,400,100,500,200,150,50
2024-2025,19964,Batman,-37.73352285,144.9628406,228750,700,750,650,500,350,50,350,150,150,50
2024-2025,19965,Coburg,-37.74234502,144.9633363,511300,1550,1600,1400,1150,850,100,650,400,350,50
2024-2025,19966,Moreland,-37.75448484,144.961823,273050,850,900,750,600,450,50,400,200,200,50
2024-2025,19967,Anstey,-37.76124203,144.960684,365100,1100,1150,1000,850,600,100,550,250,200,50
2024-2025,19968,Brunswick,-37.76772055,144.9595865,350600,1050,1100,900,850,600,50,300,300,400,100
2024-2025,19969,Jewell,-37.77498702,144.9587169,395350,1200,1250,1050,950,700,50,350,300,400,100
2024-2025,19970,Royal Park,-37.78119293,144.9523013,291800,900,850,1050,650,500,50,150,300,400,50
2024-2025,19971,Flemington Bridge,-37.78813995,144.9393233,273600,850,900,700,550,400,50,250,250,300,50
2024-2025,19972,Macaulay,-37.79426673,144.9361663,303550,950,1000,800,600,550,50,200,350,350,50
2024-2025,19973,North Melbourne,-37.80630984,144.9415102,1394050,3950,3900,4150,4100,3050,150,600,800,1850,450
2024-2025,19974,Clifton Hill,-37.78865745,144.9954167,719300,2100,2150,1950,1950,1400,100,800,500,600,150
2024-2025,19975,Victoria Park,-37.79915782,144.9944514,659700,2100,2200,1800,1300,950,50,600,400,950,200
2024-2025,19976,Collingwood,-37.80452593,144.9937497,487500,1600,1650,1350,850,550,50,300,300,950,150
2024-2025,19977,North Richmond,-37.81039836,144.9925003,608300,1950,2000,1650,1150,850,50,350,450,1000,150
2024-2025,19978,West Richmond,-37.81494896,144.9914228,407750,1350,1400,1150,750,500,50,300,300,650,150
2024-2025,19979,Jolimont,-37.81652702,144.9840983,1060400,2500,2350,2950,4400,3200,50,150,350,1100,750
2024-2025,19983,Macleod,-37.7260123,145.0691433,314850,1000,1000,1100,550,400,100,500,200,200,50
2024-2025,19984,Watsonia,-37.71095798,145.0837934,315600,1050,1000,1100,550,350,100,600,150,150,50
2024-2025,19985,Greensborough,-37.70395408,145.1082474,378250,1200,1150,1350,800,550,150,500,250,200,50
2024-2025,19986,Montmorency,-37.71529624,145.1215157,175700,550,550,600,350,200,50,300,100,50,50
2024-2025,19987,Eltham,-37.71354967,145.147822,344100,1100,1100,1150,650,450,150,500,200,250,50
2024-2025,19988,Diamond Creek,-37.67329744,145.1585062,114700,350,400,350,200,150,50,200,50,50,50
2024-2025,19989,Wattle Glen,-37.66396792,145.1816145,27200,100,100,100,50,50,50,50,50,50,50
2024-2025,19990,Hurstbridge,-37.63939817,145.1920169,75700,250,250,200,150,150,50,100,50,50,50
2024-2025,19991,Williamstown,-37.86775292,144.9053233,149500,450,450,450,400,300,50,150,150,100,50
2024-2025,19992,Williamstown Beach,-37.86398189,144.8944837,166350,500,500,450,350,300,50,200,150,150,50
2024-2025,19993,North Williamstown,-37.85733348,144.8890695,271600,900,900,750,500,350,50,450,200,150,50
2024-2025,19994,Newport,-37.84271757,144.8835999,1245950,3950,4050,3450,2650,1800,250,2100,800,750,150
2024-2025,19995,Spotswood,-37.83063888,144.8859335,354600,1050,1100,1000,850,600,50,450,250,250,50
2024-2025,19996,Yarraville,-37.81585044,144.8899337,820600,2600,2650,2300,1700,1250,150,1300,550,500,150
2024-2025,19997,Seddon,-37.80900514,144.8956716,416600,1300,1350,1150,850,600,100,750,300,250,50
2024-2025,20000,Watergardens,-37.70112872,144.7741805,1295450,4350,4650,3350,1900,1350,650,2350,950,550,100
2024-2025,20001,Keilor Plains,-37.72927934,144.7937381,599750,2000,2150,1550,850,650,300,1150,400,200,50
2024-2025,20002,St Albans,-37.74486131,144.8000505,962650,3200,3350,2600,1450,1100,250,1250,1100,650,100
2024-2025,20003,Ginifer,-37.75751083,144.8095734,624500,2100,2200,1650,900,700,200,900,500,500,50
2024-2025,20004,Albion,-37.77765281,144.8247036,413900,1400,1500,1050,550,400,150,750,350,250,50
2024-2025,20005,Epping,-37.65238715,145.0301217,748150,2450,2600,1850,1300,950,300,900,650,650,100
2024-2025,20006,Lalor,-37.66585075,145.0171932,494550,1600,1650,1350,850,650,250,800,350,200,50
2024-2025,20007,Thomastown,-37.68033809,145.0142789,595700,1900,2000,1650,1150,800,300,800,450,350,50
2024-2025,20008,Keon Park,-37.69487012,145.0118838,293800,950,1000,750,550,400,100,350,200,300,50
2024-2025,20009,Ruthven,-37.70789754,145.0095166,289350,900,950,800,600,400,100,500,200,100,50
2024-2025,20010,Reservoir,-37.71688492,145.0069958,757800,2400,2450,2100,1550,1100,300,900,550,600,150
2024-2025,20011,Regent,-37.72840277,145.0027726,382700,1250,1300,1050,750,500,100,700,200,200,50
2024-2025,20012,Preston,-37.73867424,145.000522,581250,1800,1900,1500,1300,900,100,650,500,550,100
2024-2025,20013,Bell,-37.74556212,145.000155,412250,1300,1350,1100,850,600,100,550,300,350,50
2024-2025,20014,Thornbury,-37.75505179,144.9985715,376150,1200,1250,1050,750,500,50,650,200,250,50
2024-2025,20015,Croxton,-37.764101,144.9970562,244250,750,800,650,550,350,50,450,150,150,50
2024-2025,20016,Northcote,-37.76986537,144.9952772,293050,950,1000,750,600,400,50,350,200,300,50
2024-2025,20017,Merri,-37.77784668,144.9929725,147850,450,500,350,300,200,50,200,100,150,50
2024-2025,20019,Rushall,-37.78321711,144.9924071,123150,400,400,300,250,200,50,150,100,100,50
2024-2025,20021,Sunshine,-37.78853633,144.8328782,1577600,5100,5300,4400,2800,2050,350,1650,1300,1700,300
2024-2025,20022,Tottenham,-37.7992509,144.8629449,394350,1350,1450,1050,450,350,100,700,300,300,50
2024-2025,20023,West Footscray,-37.8018087,144.8853248,512550,1800,1950,1300,550,350,150,1100,300,350,50
2024-2025,20024,Middle Footscray,-37.8025047,144.8914721,190800,650,700,500,250,200,50,350,150,150,50
2024-2025,20025,Footscray,-37.80108298,144.9031992,4383950,14000,14450,12350,8850,5800,800,3850,4050,4750,1000
2024-2025,20026,South Kensington,-37.79953087,144.925469,324400,1050,1050,900,650,500,50,450,250,250,50
2024-2025,20027,Flemington Racecourse,-37.78720192,144.9075887,145550,200,250,50,1450,50,50,50,50,50,200
2024-2025,20028,Showgrounds,-37.7835,144.915,114900,200,50,900,600,400,50,50,50,50,50
2024-2025,20030,Broadmeadows,-37.68304926,144.9196132,878300,2750,2900,2400,1700,1350,200,650,850,1000,150
2024-2025,20031,Jacana,-37.69513079,144.9158505,213150,650,650,600,450,400,100,300,150,100,50
2024-2025,20032,Glenroy,-37.70453633,144.9172204,740900,2350,2400,2100,1450,1050,250,1000,600,450,100
2024-2025,20033,Oak Park,-37.71794973,144.9215188,418000,1350,1400,1200,750,550,150,750,300,200,50
2024-2025,20034,Pascoe Vale,-37.73075596,144.9281956,538950,1750,1800,1500,1050,700,150,950,350,300,50
2024-2025,20035,Strathmore,-37.74359132,144.9273157,303300,1000,1050,800,550,350,50,550,200,200,50
2024-2025,20036,Glenbervie,-37.74720985,144.9209387,272200,900,900,750,500,350,100,500,150,100,50
2024-2025,20037,Essendon,-37.7560117,144.9161975,1347950,4350,4550,3600,2550,1800,350,2150,850,1050,150
2024-2025,20038,Moonee Ponds,-37.76570666,144.9191607,782550,2450,2500,2150,1700,1200,150,1050,550,650,150
2024-2025,20039,Ascot Vale,-37.77530609,144.9218207,491400,1600,1650,1350,900,650,100,900,300,250,50
2024-2025,20040,Newmarket,-37.78732767,144.9289785,600650,1900,2000,1600,1200,900,100,850,450,500,100
2024-2025,20041,Kensington,-37.79378022,144.9305244,421500,1350,1400,1150,850,600,50,650,300,350,50
2024-2025,20042,Box Hill,-37.81922165,145.1214289,2648350,8350,8650,7100,5350,4100,450,2600,2400,2750,500
2024-2025,22180,Southern Cross,-37.81793643,144.9514112,14696050,47600,49250,41600,26500,19550,550,3100,9300,30800,5500
2024-2025,40220,Roxburgh Park,-37.63823121,144.9354037,498650,1650,1700,1400,850,650,200,750,350,300,50
2024-2025,40221,Craigieburn,-37.6018169,144.9433203,1508250,4800,5000,4150,2900,2150,800,2400,1100,550,150
2024-2025,44817,Coolaroo,-37.66100253,144.9260556,281400,950,1000,750,450,350,100,500,250,150,50
2024-2025,45793,Lynbrook,-38.05734118,145.2492751,407450,1400,1500,1050,500,350,200,800,300,150,50
2024-2025,45794,Cardinia Road,-38.07129047,145.437791,405950,1350,1400,1100,650,450,300,650,300,150,50
2024-2025,45795,South Morang,-37.6491588,145.0670324,569650,1800,1900,1550,1150,800,300,750,400,350,100
2024-2025,46468,Williams Landing,-37.86986533,144.7474447,1389550,4800,5000,4100,1700,1150,600,2850,950,500,100
2024-2025,49343,Union,-37.823477,145.1000368,593100,1900,2000,1600,1100,750,100,1200,350,300,50
2024-2025,49458,East Pakenham,-38.084284,145.506311,54500,150,150,100,200,200,50,50,50,50,50
2024-2025,52095,Southland,-37.958758,145.049124,479000,1350,1300,1500,1400,1100,50,250,450,500,100
2024-2025,52159,Middle Gorge,-37.644062,145.09214,222950,750,850,500,300,200,100,350,100,250,50
2024-2025,52160,Hawkstowe,-37.622992,145.097396,208500,700,750,550,350,200,150,400,100,50,50
2024-2025,52161,Mernda,-37.602549,145.100883,662700,2150,2250,1800,1250,800,450,1100,400,250,50
